recall,precision
1.0,0.2840677966101695
1.0,0.28416412343167174
1.0,0.28426051560379917
1.0,0.28435697319307773
1.0,0.28445349626612354
1.0,0.28455008488964345
1.0,0.28464673913043476
1.0,0.2847434590553857
1.0,0.2855195911413969
1.0,0.28561690524880706
1.0,0.2857142857142857
1.0,0.2858117326057299
1.0,0.2860068259385666
1.0,0.28620218579234974
1.0,0.2862999658353263
1.0,0.2863978127136022
1.0,0.2864957264957265
1.0,0.286593707250342
1.0,0.28669175504618544
1.0,0.28688805203697365
1.0,0.28698630136986303
1.0,0.28708461801986984
1.0,0.2871830020562029
1.0,0.2872814535481659
1.0,0.28737997256515774
1.0,0.28747855917667237
1.0,0.28757721345229925
1.0,0.2876759354617233
1.0,0.28777472527472525
1.0,0.2878735829611817
1.0,0.28797250859106527
1.0,0.28817056396148555
1.0,0.28826969384244927
1.0,0.28856749311294766
1.0,0.28866689631415776
1.0,0.28876636802205374
1.0,0.28886590830748016
1.0,0.2889655172413793
1.0,0.2907702984038862
1.0,0.29087122526900383
1.0,0.29097222222222224
1.0,0.29117442668519805
1.0,0.2913769123783032
1.0,0.29198606271777006
1.0,0.2920878354827466
1.0,0.2922915940006976
1.0,0.29239357990230286
1.0,0.29269996507160323
1.0,0.29280223619846263
1.0,0.2929045788185949
1.0,0.293006993006993
1.0,0.2931094788387548
1.0,0.2932120363890833
1.0,0.2933146657332867
1.0,0.2936229852838122
1.0,0.2937259025587101
1.0,0.293931953700456
1.0,0.29403508771929826
0.9988066825775657,0.2937872937872938
0.9988066825775657,0.29409697821503866
0.9988066825775657,0.29430379746835444
0.9988066825775657,0.29440731621526556
0.9988066825775657,0.29451090781140044
0.9988066825775657,0.2946145723336853
0.9988066825775657,0.2947183098591549
0.9988066825775657,0.29513399153737657
0.9988066825775657,0.29523809523809524
0.9988066825775657,0.2953422724064926
0.9988066825775657,0.2954465231203671
0.9988066825775657,0.2955508474576271
0.9988066825775657,0.2956552454962911
0.9988066825775657,0.295864262990456
0.9988066825775657,0.29596888260254595
0.9988066825775657,0.29607357622921826
0.9988066825775657,0.2961783439490446
0.9988066825775657,0.29628318584070795
0.9988066825775657,0.2963881019830028
0.9988066825775657,0.2964930924548353
0.9988066825775657,0.29659815733522327
0.9988066825775657,0.2967032967032967
0.9988066825775657,0.2968085106382979
0.9988066825775657,0.29701916252661464
0.9988066825775657,0.29723011363636365
0.9988066825775657,0.2974413646055437
0.9988066825775657,0.2975471027372911
0.9988066825775657,0.2976529160739687
0.9988066825775657,0.29775880469583776
0.9988066825775657,0.297864768683274
0.9988066825775657,0.2979708081167675
0.9988066825775657,0.2980769230769231
0.9988066825775657,0.29818311364446026
0.9988066825775657,0.2982893799002138
0.9988066825775657,0.2983957219251337
0.9988066825775657,0.2985021398002853
0.9988066825775657,0.2987152034261242
0.9988066825775657,0.2988218493395216
0.9988066825775657,0.29892857142857143
0.9988066825775657,0.2990353697749196
0.9988066825775657,0.29914224446032883
0.9988066825775657,0.29924919556667856
0.9988066825775657,0.29935622317596566
0.9988066825775657,0.29957050823192555
0.9988066825775657,0.2996777658431794
0.9988066825775657,0.2998925116445718
0.9964200477326969,0.29939046253137325
0.9964200477326969,0.29949784791965567
0.9964200477326969,0.299605310369573
0.9964200477326969,0.29971284996410624
0.9952267303102625,0.29946140035906643
0.9952267303102625,0.2995689655172414
0.9952267303102625,0.29967660797700324
0.9952267303102625,0.299784327821711
0.9952267303102625,0.2998921251348436
0.9952267303102625,0.3
0.9952267303102625,0.3001079525008996
0.9952267303102625,0.3002159827213823
0.9952267303102625,0.3003240907454087
0.9952267303102625,0.3007573025604039
0.9940334128878282,0.3005050505050505
0.9940334128878282,0.3009393063583815
0.9940334128878282,0.3021400072542619
0.9940334128878282,0.3022496371552975
0.9940334128878282,0.3023593466424682
0.9940334128878282,0.30246913580246915
0.9940334128878282,0.30257900472212135
0.9940334128878282,0.3026889534883721
0.9940334128878282,0.3029090909090909
0.9940334128878282,0.30301927973808657
0.9940334128878282,0.3031295487627365
0.9940334128878282,0.3032398980706225
0.9940334128878282,0.3034608378870674
0.9940334128878282,0.30357142857142855
0.9940334128878282,0.3036820998906307
0.9940334128878282,0.3037928519328957
0.9940334128878282,0.30390368478657426
0.9940334128878282,0.304014598540146
0.9940334128878282,0.3041255932822198
0.9940334128878282,0.30423666910153396
0.9940334128878282,0.30434782608695654
0.9940334128878282,0.3045703839122486
0.9940334128878282,0.30479326747164287
0.9940334128878282,0.30647534952170713
0.9940334128878282,0.30658814869341183
0.9940334128878282,0.30670103092783507
0.9940334128878282,0.30681399631675876
0.9940334128878282,0.3069270449521002
0.9940334128878282,0.3070401769259123
0.9940334128878282,0.30715339233038347
0.9940334128878282,0.30726669125783845
0.9940334128878282,0.307380073800738
0.9940334128878282,0.30749354005167956
0.9940334128878282,0.3076070901033973
0.9940334128878282,0.3077207240487625
0.9940334128878282,0.30806213017751477
0.9940334128878282,0.3081761006289308
0.9940334128878282,0.3082901554404145
0.9940334128878282,0.3085185185185185
0.9940334128878282,0.30863282697295297
0.9940334128878282,0.30874722016308376
0.9940334128878282,0.3090909090909091
0.9940334128878282,0.30920564216778024
0.9940334128878282,0.30932046045302636
0.9940334128878282,0.30943536404160477
0.9940334128878282,0.3095503530286139
0.9940334128878282,0.3109369167599851
0.9940334128878282,0.31116921927530816
0.9940334128878282,0.31128550074738415
0.9940334128878282,0.31151832460732987
0.9940334128878282,0.31163486719042277
0.9940334128878282,0.31175149700598803
0.9940334128878282,0.311868214152003
0.9940334128878282,0.31198501872659173
0.9940334128878282,0.31210191082802546
0.9940334128878282,0.31221889055472263
0.9940334128878282,0.3123359580052493
0.9940334128878282,0.3124531132783196
0.9940334128878282,0.3125703564727955
0.9940334128878282,0.3126876876876877
0.9940334128878282,0.31280510702215547
0.9940334128878282,0.31292261457550713
0.9940334128878282,0.3130402104472003
0.9940334128878282,0.3131578947368421
0.9940334128878282,0.31327566754418956
0.9940334128878282,0.31339352896914974
0.9940334128878282,0.3135114791117802
0.9940334128878282,0.31362951807228917
0.9940334128878282,0.31374764595103577
0.9940334128878282,0.3138658628485305
0.9940334128878282,0.3141025641025641
0.9940334128878282,0.31433962264150944
0.9940334128878282,0.31445828614571536
0.9940334128878282,0.3145770392749245
0.9940334128878282,0.315052950075643
0.9940334128878282,0.31517215285660233
0.9940334128878282,0.3152914458743376
0.9940334128878282,0.31553030303030305
0.9940334128878282,0.3156498673740053
0.9940334128878282,0.3157695223654284
0.9940334128878282,0.31588926810769813
0.9940334128878282,0.31624905087319666
0.9940334128878282,0.31636916065324727
0.9940334128878282,0.31648936170212766
0.9940334128878282,0.31660965412390724
0.9928400954653938,0.31634980988593153
0.9928400954653938,0.3164701407379232
0.9928400954653938,0.31683168316831684
0.9928400954653938,0.31695238095238093
0.9928400954653938,0.3170731707317073
0.9928400954653938,0.3171940526115135
0.9928400954653938,0.3173150266971777
0.9928400954653938,0.3174360930942388
0.9928400954653938,0.31755725190839695
0.9928400954653938,0.3180428134556575
0.9928400954653938,0.3181644359464627
0.9928400954653938,0.3196311947752593
0.9928400954653938,0.31975403535741737
0.9928400954653938,0.31987697039600155
0.9928400954653938,0.32
0.9928400954653938,0.3201231242785687
0.9928400954653938,0.3202463433410316
0.9928400954653938,0.320369657296881
0.9928400954653938,0.3204930662557781
0.9928400954653938,0.320616570327553
0.9928400954653938,0.3207401696222051
0.9928400954653938,0.3208638642499036
0.9928400954653938,0.32098765432098764
0.9928400954653938,0.3211115399459668
0.9928400954653938,0.32123552123552124
0.9928400954653938,0.3217324052590874
0.9928400954653938,0.3218568665377176
0.9928400954653938,0.3219814241486068
0.9928400954653938,0.3221060782036392
0.9928400954653938,0.322355676094537
0.9928400954653938,0.32248062015503876
0.9928400954653938,0.32260566110895694
0.9928400954653938,0.3228560341482344
0.9928400954653938,0.32298136645962733
0.9928400954653938,0.323609490470634
0.9928400954653938,0.32386142467886336
0.9928400954653938,0.32398753894080995
0.9928400954653938,0.3243664717348928
0.9928400954653938,0.325
0.9928400954653938,0.32512700273544354
0.9928400954653938,0.32525410476935107
0.9928400954653938,0.3253813062182245
0.9928400954653938,0.3256360078277887
0.9928400954653938,0.32576350822239625
0.9928400954653938,0.3258911084998041
0.9928400954653938,0.32601880877742945
0.9928400954653938,0.32614660917287336
0.9928400954653938,0.3262745098039216
0.9928400954653938,0.32640251078854454
0.9928400954653938,0.32653061224489793
0.9928400954653938,0.32665881429132315
0.9928400954653938,0.3267871170463472
0.9928400954653938,0.3269155206286837
0.9928400954653938,0.3270440251572327
0.9928400954653938,0.3271726307510814
0.9928400954653938,0.32730133752950435
0.9928400954653938,0.3274301456119638
0.9928400954653938,0.32755905511811023
0.9928400954653938,0.3279463933780055
0.9928400954653938,0.3282051282051282
0.9928400954653938,0.3283346487766377
0.9928400954653938,0.32846427161468617
0.9928400954653938,0.32872382457526667
0.9928400954653938,0.32885375494071145
0.9928400954653938,0.32898378805852113
0.9928400954653938,0.3291139240506329
0.9928400954653938,0.32924416303917686
0.9928400954653938,0.3295049504950495
0.9928400954653938,0.329635499207607
0.9928400954653938,0.3297661514070551
0.9928400954653938,0.32989690721649484
0.9928400954653938,0.3300277667592225
0.9928400954653938,0.33015873015873015
0.9928400954653938,0.33028979753870585
0.9928400954653938,0.33042096902303414
0.9928400954653938,0.3305522447357966
0.9928400954653938,0.33068362480127184
0.9928400954653938,0.3308151093439364
0.9928400954653938,0.3309466984884646
0.9928400954653938,0.3310783923597294
0.9928400954653938,0.3316062176165803
0.9928400954653938,0.3317384370015949
0.9928400954653938,0.33187076186677306
0.9928400954653938,0.3320031923383879
0.9916467780429594,0.3317365269461078
0.9916467780429594,0.33186900958466453
0.9916467780429594,0.33213429256594723
0.9916467780429594,0.3322670931627349
0.9916467780429594,0.3324
0.9916467780429594,0.3325330132052821
0.9916467780429594,0.3326661329063251
0.9916467780429594,0.3329326923076923
0.9916467780429594,0.3330661322645291
0.9916467780429594,0.33319967923015237
0.9916467780429594,0.3333333333333333
0.9916467780429594,0.33346709470304975
0.9916467780429594,0.33386902370429894
0.9916467780429594,0.3341375150784077
0.9916467780429594,0.334271922767498
0.9916467780429594,0.33440643863179076
0.9916467780429594,0.33454106280193235
0.9916467780429594,0.3346757954087797
0.9916467780429594,0.3349455864570738
0.9916467780429594,0.3350806451612903
0.9916467780429594,0.33521581282775315
0.9916467780429594,0.3353510895883777
0.9916467780429594,0.3354864755752927
0.9916467780429594,0.33562197092084006
0.9916467780429594,0.33575757575757575
0.9916467780429594,0.33589329021827
0.9916467780429594,0.3360291144359078
0.9916467780429594,0.33630109267503033
0.9916467780429594,0.33657351154313486
0.9916467780429594,0.336709886547812
0.9916467780429594,0.3368463721118768
0.9916467780429594,0.33711967545638943
0.9916467780429594,0.3372564935064935
0.9916467780429594,0.33753046303818035
0.9916467780429594,0.3376676147907355
0.9916467780429594,0.3378048780487805
0.9916467780429594,0.337942252948353
0.9916467780429594,0.338079739625712
0.9916467780429594,0.33821733821733824
0.9892601431980907,0.3376782077393075
0.9880668257756563,0.3374083129584352
0.9880668257756563,0.3376835236541599
0.9880668257756563,0.3379591836734694
0.9880668257756563,0.33837351859419695
0.9856801909307876,0.3378323108384458
0.9856801909307876,0.33797054009819966
0.9856801909307876,0.33810888252148996
0.9856801909307876,0.33824733824733827
0.9856801909307876,0.33949856144677354
0.9856801909307876,0.33963815789473684
0.9856801909307876,0.339917695473251
0.9856801909307876,0.3401976935749588
0.9856801909307876,0.3403378656777915
0.9856801909307876,0.34047815333882936
0.9856801909307876,0.3406185567010309
0.9856801909307876,0.34075907590759075
0.9856801909307876,0.3413223140495868
0.9856801909307876,0.34146341463414637
0.9856801909307876,0.3416046319272126
0.9856801909307876,0.341745966073645
0.9856801909307876,0.34188741721854304
0.9856801909307876,0.34202898550724636
0.9856801909307876,0.34217067108533555
0.9856801909307876,0.3423124740986324
0.9856801909307876,0.34245439469320066
0.9856801909307876,0.34273858921161826
0.9856801909307876,0.34345114345114347
0.9856801909307876,0.34388009991673607
0.9856801909307876,0.34402332361516036
0.9856801909307876,0.3441666666666667
0.9856801909307876,0.3443101292205085
0.9844868735083532,0.3440366972477064
0.9844868735083532,0.344180225281602
0.9844868735083532,0.3444676409185804
0.9844868735083532,0.3448996655518395
0.9844868735083532,0.3450439146800502
0.9844868735083532,0.34518828451882844
0.9844868735083532,0.3453327752197572
0.9844868735083532,0.3454773869346734
0.9844868735083532,0.3456221198156682
0.9844868735083532,0.345766974015088
0.9844868735083532,0.34591194968553457
0.9844868735083532,0.3460570469798658
0.9844868735083532,0.346202266051196
0.9844868735083532,0.34634760705289674
0.9844868735083532,0.3464930701385972
0.9832935560859188,0.346218487394958
0.9832935560859188,0.346364018495166
0.9832935560859188,0.34650967199327165
0.9832935560859188,0.34665544804375265
0.9832935560859188,0.3468013468013468
0.9832935560859188,0.34709351305812974
0.9832935560859188,0.3472397808680995
0.9832935560859188,0.3473861720067454
0.9832935560859188,0.3475326866301139
0.9832935560859188,0.34767932489451475
0.9832935560859188,0.3481199831009717
0.9832935560859188,0.34826711749788675
0.9832935560859188,0.34856175972927245
0.9832935560859188,0.3487092678798138
0.9832935560859188,0.3488569009314141
0.9832935560859188,0.34974533106960953
0.9832935560859188,0.3500424808836024
0.9832935560859188,0.35034013605442177
0.9832935560859188,0.35048915355168014
0.9832935560859188,0.3506382978723404
0.9832935560859188,0.35093696763202725
0.9832935560859188,0.3510864933958245
0.9832935560859188,0.3513859275053305
0.9832935560859188,0.3515358361774744
0.9832935560859188,0.35168587281263336
0.9832935560859188,0.3518360375747225
0.9832935560859188,0.35198633062793677
0.9832935560859188,0.35213675213675216
0.9832935560859188,0.3522873022659256
0.9832935560859188,0.35243798118049613
0.9832935560859188,0.35258878904578517
0.9832935560859188,0.35289079229122056
0.9832935560859188,0.35304198800342756
0.9832935560859188,0.35319331333047577
0.9832935560859188,0.35334476843910806
0.9832935560859188,0.3534963534963535
0.9832935560859188,0.3536480686695279
0.9832935560859188,0.35379991412623446
0.9832935560859188,0.3539518900343643
0.9832935560859188,0.354256233877902
0.9832935560859188,0.35440860215053765
0.9821002386634845,0.3541308089500861
0.9821002386634845,0.3542832544123978
0.9821002386634845,0.3544358311800172
0.9821002386634845,0.35458853942266266
0.9821002386634845,0.35474137931034483
0.9809069212410502,0.35446313065976714
0.9809069212410502,0.3546160483175151
0.9809069212410502,0.3547690979715149
0.9809069212410502,0.3549222797927461
0.9809069212410502,0.3550755939524838
0.9809069212410502,0.35522904062229904
0.9809069212410502,0.3561525129982669
0.9809069212410502,0.3563068920676203
0.9809069212410502,0.3564614050303556
0.9809069212410502,0.35661605206073754
0.9809069212410502,0.3567708333333333
0.9809069212410502,0.35692574902301344
0.9809069212410502,0.35801393728222997
0.9809069212410502,0.3581699346405229
0.9809069212410502,0.3583260680034874
0.9809069212410502,0.3587952859013531
0.9809069212410502,0.3594228246611281
0.9809069212410502,0.35989492119089317
0.9809069212410502,0.3600525624178712
0.9809069212410502,0.3602103418054338
0.9809069212410502,0.3608428446005268
0.9797136038186157,0.36056214317083884
0.9797136038186157,0.36072056239015815
0.9797136038186157,0.3608791208791209
0.9797136038186157,0.36103781882145997
0.9797136038186157,0.36119665640123183
0.9797136038186157,0.3613556338028169
0.9797136038186157,0.3615147512109203
0.9797136038186157,0.3616740088105727
0.9797136038186157,0.3618334067871309
0.9797136038186157,0.3619929453262787
0.9797136038186157,0.36215262461402736
0.9797136038186157,0.3623124448367167
0.9797136038186157,0.36247240618101545
0.9797136038186157,0.3626325088339223
0.9797136038186157,0.36279275298276625
0.9797136038186157,0.3629531388152078
0.9797136038186157,0.36311366651923926
0.9785202863961814,0.36283185840707965
0.9785202863961814,0.36315323294951285
0.9785202863961814,0.36363636363636365
0.9785202863961814,0.36379769299023956
0.9785202863961814,0.36395916555703506
0.9785202863961814,0.3641207815275311
0.9785202863961814,0.36428254109284763
0.9785202863961814,0.36444444444444446
0.9785202863961814,0.36574487065120426
0.9785202863961814,0.36590807675145026
0.9785202863961814,0.36607142857142855
0.9785202863961814,0.36656236030397854
0.9785202863961814,0.3667262969588551
0.9785202863961814,0.3668903803131991
0.9785202863961814,0.36705461056401073
0.9785202863961814,0.3672189879086431
0.977326968973747,0.36693548387096775
0.977326968973747,0.36709995517705063
0.977326968973747,0.3672645739910314
0.977326968973747,0.3674293405114401
0.977326968973747,0.36759425493716336
0.977326968973747,0.367759317467445
0.977326968973747,0.3680898876404494
0.977326968973747,0.3682553956834532
0.977326968973747,0.3684210526315789
0.977326968973747,0.3685868586858686
0.977326968973747,0.36875281404772625
0.977326968973747,0.3689189189189189
0.977326968973747,0.3692515779981966
0.977326968973747,0.36941813261163736
0.977326968973747,0.36958483754512633
0.977326968973747,0.36975169300225735
0.977326968973747,0.3699186991869919
0.977326968973747,0.3704206241519674
0.977326968973747,0.37058823529411766
0.977326968973747,0.3707559981892259
0.977326968973747,0.37092391304347827
0.977326968973747,0.3710919800634345
0.977326968973747,0.371260199456029
0.977326968973747,0.37210358927760107
0.977326968973747,0.37244201909959074
0.977326968973747,0.37261146496815284
0.977326968973747,0.3727810650887574
0.977326968973747,0.3729508196721312
0.977326968973747,0.37312072892938497
0.977326968973747,0.37329079307201457
0.977326968973747,0.3734610123119015
0.977326968973747,0.3738019169329074
0.977326968973747,0.37397260273972605
0.977326968973747,0.3741434444952033
0.977326968973747,0.3743144424131627
0.977326968973747,0.37448559670781895
0.977326968973747,0.37465690759377857
0.977326968973747,0.375
0.977326968973747,0.37517178195144296
0.977326968973747,0.3756880733944954
0.977326968973747,0.3758604864616797
0.977326968973747,0.3760330578512397
0.977326968973747,0.3762057877813505
0.977326968973747,0.37637867647058826
0.977326968973747,0.37655172413793103
0.977326968973747,0.3767249310027599
0.977326968973747,0.37689829728485963
0.977326968973747,0.3770718232044199
0.977326968973747,0.3772455089820359
0.977326968973747,0.3774193548387097
0.977326968973747,0.37776752767527677
0.977326968973747,0.3779418550992155
0.977326968973747,0.3781163434903047
0.977326968973747,0.37829099307159353
0.977326968973747,0.37846580406654345
0.977326968973747,0.3786407766990291
0.977326968973747,0.3789912077741786
0.977326968973747,0.37916666666666665
0.977326968973747,0.3793422880963409
0.977326968973747,0.3796940194714882
0.977326968973747,0.37987012987012986
0.977326968973747,0.380046403712297
0.977326968973747,0.3802228412256267
0.977326968973747,0.38039944263817926
0.977326968973747,0.3814625058220773
0.977326968973747,0.38164026095060577
0.977326968973747,0.38181818181818183
0.977326968973747,0.38199626865671643
0.977326968973747,0.3821745216985534
0.977326968973747,0.38235294117647056
0.977326968973747,0.38271028037383176
0.977326968973747,0.38288920056100983
0.977326968973747,0.3830682881197381
0.977326968973747,0.38324754328497895
0.977326968973747,0.3836065573770492
0.977326968973747,0.3837863167760075
0.977326968973747,0.38396624472573837
0.977326968973747,0.38414634146341464
0.977326968973747,0.3845070422535211
0.977326968973747,0.3848684210526316
0.977326968973747,0.385049365303244
0.977326968973747,0.3855932203389831
0.977326968973747,0.3857748469147433
0.977326968973747,0.38595664467483504
0.977326968973747,0.38613861386138615
0.9761336515513126,0.3858490566037736
0.9761336515513126,0.38639584317430326
0.9761336515513126,0.38657844990548207
0.9737470167064439,0.3859981078524125
0.9737470167064439,0.38618078561287267
0.9725536992840096,0.3858901515151515
0.9606205250596659,0.3829686013320647
0.9606205250596659,0.38333333333333336
0.9594272076372315,0.3830395426393521
0.9594272076372315,0.38322211630123926
0.9594272076372315,0.3834048640915594
0.9594272076372315,0.383587786259542
0.9594272076372315,0.3837708830548926
0.9594272076372315,0.3839541547277937
0.9594272076372315,0.38413760152890586
0.9594272076372315,0.3850574712643678
0.9582338902147971,0.3847628174413033
0.9582338902147971,0.38494726749760305
0.9582338902147971,0.3851318944844125
0.9582338902147971,0.3853166986564299
0.9582338902147971,0.385501680268843
0.9582338902147971,0.38568683957732947
0.9582338902147971,0.38587217683805863
0.9582338902147971,0.3860576923076923
0.9582338902147971,0.3866153105440539
0.9582338902147971,0.3868015414258189
0.9582338902147971,0.3869879518072289
0.9582338902147971,0.3871745419479267
0.9582338902147971,0.38736131210805597
0.9570405727923628,0.38706563706563707
0.9570405727923628,0.3872525350072429
0.9570405727923628,0.38743961352657
0.9570405727923628,0.3876268728854519
0.9570405727923628,0.38781431334622823
0.9570405727923628,0.38818973862536305
0.9570405727923628,0.38856589147286824
0.9570405727923628,0.3887542413960252
0.9570405727923628,0.3889427740058196
0.9570405727923628,0.3891314895681708
0.9570405727923628,0.38932038834951455
0.9570405727923628,0.38988818667963054
0.9570405727923628,0.39007782101167315
0.9570405727923628,0.3902676399026764
0.9570405727923628,0.3904576436222006
0.9570405727923628,0.39064783244033124
0.9570405727923628,0.3908382066276803
0.9570405727923628,0.39121951219512197
0.9570405727923628,0.3919843597262952
0.9570405727923628,0.3921760391198044
0.9570405727923628,0.3923679060665362
0.9570405727923628,0.39255996084189915
0.9570405727923628,0.39275220372184133
0.9570405727923628,0.39294463498285154
0.9570405727923628,0.3931372549019608
0.9570405727923628,0.3933300637567435
0.9570405727923628,0.39352306182531893
0.9570405727923628,0.39371624938635247
0.9570405727923628,0.393909626719057
0.9570405727923628,0.3941031941031941
0.9570405727923628,0.3942969518190757
0.9558472553699284,0.3939990162321692
0.9558472553699284,0.39555555555555555
0.9558472553699284,0.39594661393969355
0.9534606205250596,0.3953488372093023
0.9534606205250596,0.39554455445544556
0.9534606205250596,0.3957404655770183
0.9534606205250596,0.39672293942403175
0.9534606205250596,0.3969200198708395
0.9534606205250596,0.397117296222664
0.9534606205250596,0.39731476877175537
0.9522673031026253,0.3970149253731343
0.9522673031026253,0.39919959979989994
0.9522673031026253,0.3993993993993994
0.9522673031026253,0.39959939909864794
0.9522673031026253,0.4
0.9522673031026253,0.4002006018054162
0.9522673031026253,0.4006024096385542
0.9522673031026253,0.4008036162732295
0.9522673031026253,0.40100502512562813
0.9522673031026253,0.40120663650075417
0.9522673031026253,0.4014084507042254
0.9522673031026253,0.4016104680422748
0.9522673031026253,0.40181268882175225
0.9522673031026253,0.40201511335012596
0.9522673031026253,0.4022177419354839
0.9522673031026253,0.4028268551236749
0.9522673031026253,0.403030303030303
0.9522673031026253,0.40323395654370897
0.9522673031026253,0.4034378159757331
0.951073985680191,0.4031360647445625
0.951073985680191,0.40354430379746836
0.951073985680191,0.4037487335359676
0.951073985680191,0.40395337050177393
0.951073985680191,0.404158215010142
0.951073985680191,0.40456852791878173
0.951073985680191,0.4047739969527679
0.951073985680191,0.4051855617691917
0.951073985680191,0.4053916581892167
0.951073985680191,0.40559796437659035
0.951073985680191,0.40580448065173114
0.951073985680191,0.40621814475025486
0.951073985680191,0.40684022460439
0.951073985680191,0.4070480081716037
0.951073985680191,0.40767263427109973
0.951073985680191,0.4078812691914023
0.951073985680191,0.4080901177675371
0.9498806682577565,0.4077868852459016
0.9498806682577565,0.4079958995386981
0.9498806682577565,0.4082051282051282
0.9498806682577565,0.4086242299794661
0.9498806682577565,0.40883410374935797
0.9498806682577565,0.4090441932168551
0.9498806682577565,0.4094650205761317
0.9498806682577565,0.4098867147270855
0.9486873508353222,0.4095826893353941
0.9486873508353222,0.4097938144329897
0.9486873508353222,0.4100051572975761
0.9486873508353222,0.4102167182662539
0.9486873508353222,0.4104284976768198
0.9486873508353222,0.4106404958677686
0.9486873508353222,0.4108527131782946
0.9486873508353222,0.4110651499482937
0.9474940334128878,0.4107604759441283
0.9474940334128878,0.4109730848861284
0.9474940334128878,0.4111859140341792
0.9474940334128878,0.4122533748701973
0.9474940334128878,0.4124675324675325
0.9474940334128878,0.4126819126819127
0.9474940334128878,0.413111342351717
0.9474940334128878,0.41354166666666664
0.9474940334128878,0.4137571651902032
0.9474940334128878,0.414188836724048
0.9463007159904535,0.41388308977035493
0.9451073985680191,0.4135770234986945
0.9451073985680191,0.41422594142259417
0.9451073985680191,0.41444270015698587
0.9451073985680191,0.41465968586387436
0.9451073985680191,0.4148768988999476
0.9451073985680191,0.41509433962264153
0.9451073985680191,0.4153120083901416
0.9451073985680191,0.41596638655462187
0.9451073985680191,0.4161849710982659
0.9451073985680191,0.416403785488959
0.9451073985680191,0.41662283008942663
0.9451073985680191,0.4168421052631579
0.9451073985680191,0.41706161137440756
0.9451073985680191,0.4175013178703216
0.9451073985680191,0.4179419525065963
0.9451073985680191,0.41816261879619854
0.9451073985680191,0.42105263157894735
0.9451073985680191,0.42127659574468085
0.9439140811455847,0.42096860031931876
0.9439140811455847,0.42119275825346114
0.9427207637231504,0.42088438998401706
0.9427207637231504,0.4211087420042644
0.9427207637231504,0.42133333333333334
0.9427207637231504,0.4215581643543223
0.9427207637231504,0.4217832354511479
0.9427207637231504,0.4222340994120791
0.9427207637231504,0.42245989304812837
0.9427207637231504,0.42268592830390583
0.9427207637231504,0.4231387252276379
0.9427207637231504,0.4242749731471536
0.9427207637231504,0.4245029554003224
0.9427207637231504,0.42473118279569894
0.9427207637231504,0.4249596557288865
0.9427207637231504,0.4251883745963401
0.9427207637231504,0.42564655172413796
0.9427207637231504,0.4261057173678533
0.9427207637231504,0.4263356718834323
0.9427207637231504,0.4265658747300216
0.9427207637231504,0.42679632631010267
0.9427207637231504,0.42702702702702705
0.9415274463007159,0.4267171444023797
0.9415274463007159,0.42694805194805197
0.9415274463007159,0.4271792095289659
0.9415274463007159,0.42741061755146265
0.9415274463007159,0.42810634834508954
0.9415274463007159,0.42833876221498374
0.9415274463007159,0.42857142857142855
0.9415274463007159,0.42880434782608695
0.9415274463007159,0.4295046271094175
0.9403341288782816,0.42919389978213507
0.9403341288782816,0.42942779291553135
0.9403341288782816,0.4296619411123228
0.9403341288782816,0.4298963447899618
0.9403341288782816,0.43013100436681223
0.9403341288782816,0.4303659202621518
0.9403341288782816,0.4306010928961749
0.9391408114558473,0.43028977583378897
0.9367541766109785,0.42966611932129173
0.9367541766109785,0.4301369863013699
0.9355608591885441,0.4298245614035088
0.9355608591885441,0.43006034009873834
0.9355608591885441,0.43029637760702527
0.9355608591885441,0.4305326743547501
0.9355608591885441,0.4307692307692308
0.9355608591885441,0.43100604727872455
0.9355608591885441,0.4312431243124312
0.9355608591885441,0.4314804623004953
0.9355608591885441,0.43171806167400884
0.9355608591885441,0.4319559228650138
0.9355608591885441,0.432194046306505
0.9355608591885441,0.43243243243243246
0.9355608591885441,0.4326710816777042
0.9355608591885441,0.43290999447818884
0.9355608591885441,0.43338861249309013
0.9355608591885441,0.4336283185840708
0.9355608591885441,0.4338682899833979
0.9355608591885441,0.43458980044345896
0.9355608591885441,0.4348308374930671
0.9355608591885441,0.43507214206437295
0.9355608591885441,0.43531371460299834
0.9355608591885441,0.43555555555555553
0.9343675417661098,0.4352418010005559
0.9343675417661098,0.43548387096774194
0.9343675417661098,0.4357262103505843
0.9343675417661098,0.43596881959910916
0.9343675417661098,0.4362116991643454
0.9343675417661098,0.43645484949832775
0.9343675417661098,0.43669827105409925
0.9343675417661098,0.4369419642857143
0.9343675417661098,0.4371859296482412
0.9343675417661098,0.43767467859139186
0.9343675417661098,0.43791946308724833
0.9343675417661098,0.4384098544232923
0.9343675417661098,0.43865546218487395
0.9343675417661098,0.43890134529147984
0.9343675417661098,0.4391475042063937
0.9343675417661098,0.4393939393939394
0.9343675417661098,0.43964065131948343
0.9343675417661098,0.4398876404494382
0.9343675417661098,0.44013490725126475
0.9343675417661098,0.4403824521934758
0.9343675417661098,0.4411267605633803
0.9343675417661098,0.4413754227733935
0.9343675417661098,0.44212309429700736
0.9343675417661098,0.4423728813559322
0.9343675417661098,0.4426229508196721
0.9343675417661098,0.4431239388794567
0.9343675417661098,0.44387755102040816
0.9343675417661098,0.4441293250141804
0.9343675417661098,0.4443813847900113
0.9343675417661098,0.444633730834753
0.9331742243436754,0.44431818181818183
0.9331742243436754,0.4445707788516202
0.9331742243436754,0.4448236632536974
0.9331742243436754,0.44507683551508254
0.9331742243436754,0.4455840455840456
0.9331742243436754,0.44583808437856326
0.9331742243436754,0.4463470319634703
0.9331742243436754,0.44660194174757284
0.9307875894988067,0.44596912521440824
0.9307875894988067,0.44647967945048656
0.9307875894988067,0.44673539518900346
0.9307875894988067,0.44724770642201833
0.9307875894988067,0.4475043029259897
0.9307875894988067,0.44776119402985076
0.9295942720763724,0.44744399770246984
0.9295942720763724,0.4477011494252874
0.9295942720763724,0.4482163406214039
0.9295942720763724,0.4497690531177829
0.9295942720763724,0.45002888503755056
0.9295942720763724,0.4502890173410405
0.9295942720763724,0.45054945054945056
0.9295942720763724,0.4508101851851852
0.9295942720763724,0.4510712217718587
0.9295942720763724,0.45133256083429896
0.9295942720763724,0.45185614849187933
0.9295942720763724,0.4521183981427742
0.9295942720763724,0.4523809523809524
0.9295942720763724,0.452643811737362
0.9295942720763724,0.45317044793484584
0.9260143198090692,0.4522144522144522
0.9248210023866349,0.4518950437317784
0.9248210023866349,0.45215869311551926
0.9248210023866349,0.45242265032107415
0.9248210023866349,0.4526869158878505
0.9248210023866349,0.45295149035651666
0.9248210023866349,0.4534815681685196
0.9248210023866349,0.45401288810779145
0.9248210023866349,0.45427901524032827
0.9248210023866349,0.4556143445032334
0.9248210023866349,0.45588235294117646
0.9248210023866349,0.45615067686874633
0.9248210023866349,0.45641931684334514
0.9248210023866349,0.45668827342368884
0.9248210023866349,0.4569575471698113
0.9248210023866349,0.45722713864306785
0.9248210023866349,0.4574970484061393
0.9248210023866349,0.45776727702303605
0.9248210023866349,0.4580378250591017
0.9248210023866349,0.4583086930810171
0.9248210023866349,0.4591232227488152
0.9248210023866349,0.4593953764078245
0.9248210023866349,0.4596678529062871
0.9248210023866349,0.4599406528189911
0.9248210023866349,0.46048722519310753
0.9248210023866349,0.46076099881093935
0.9248210023866349,0.46130952380952384
0.9236276849642004,0.46098868374032165
0.9236276849642004,0.4612634088200238
0.9200477326968973,0.4602985074626866
0.9200477326968973,0.460573476702509
0.9200477326968973,0.460848774656306
0.9200477326968973,0.4611244019138756
0.9200477326968973,0.4614003590664273
0.9200477326968973,0.46195326542840026
0.9200477326968973,0.46223021582733814
0.918854415274463,0.46190761847630474
0.918854415274463,0.46218487394957986
0.918854415274463,0.4624624624624625
0.918854415274463,0.46274038461538464
0.918854415274463,0.4630186410102225
0.918854415274463,0.46329723225030084
0.918854415274463,0.46357615894039733
0.9176610978520287,0.46325301204819275
0.9176610978520287,0.46353224834237494
0.9176610978520287,0.4646525679758308
0.9176610978520287,0.4649334945586457
0.9176610978520287,0.4652147610405324
0.9176610978520287,0.465778316172017
0.9176610978520287,0.46634323832625835
0.9176610978520287,0.46804625684723067
0.9176610978520287,0.46833130328867234
0.9176610978520287,0.46918852959121415
0.9176610978520287,0.4694749694749695
0.9176610978520287,0.46976175931582165
0.9176610978520287,0.47004889975550124
0.9176610978520287,0.4703363914373089
0.9164677804295943,0.4700122399020808
0.9164677804295943,0.47030006123698714
0.9152744630071599,0.4699754901960784
0.9152744630071599,0.4702636419374617
0.9152744630071599,0.4705521472392638
0.9152744630071599,0.470841006752609
0.9140811455847255,0.4705159705159705
0.9140811455847255,0.47080516287645974
0.9140811455847255,0.4710947109471095
0.9140811455847255,0.4713846153846154
0.9140811455847255,0.47196549599507087
0.9140811455847255,0.4722564734895191
0.9140811455847255,0.47254780999383095
0.9140811455847255,0.4728395061728395
0.9140811455847255,0.47313156269302037
0.9140811455847255,0.47342398022249693
0.9140811455847255,0.474009900990099
0.9140811455847255,0.4743034055727554
0.9140811455847255,0.4745972738537794
0.9128878281622912,0.47427154370737756
0.9128878281622912,0.47456575682382135
0.9128878281622912,0.4748603351955307
0.9128878281622912,0.4751552795031056
0.9128878281622912,0.4754505904288378
0.9128878281622912,0.47574626865671643
0.9128878281622912,0.4760423148724331
0.9128878281622912,0.4763387297633873
0.9128878281622912,0.4766355140186916
0.9128878281622912,0.4769326683291771
0.9128878281622912,0.47752808988764045
0.9128878281622912,0.4793233082706767
0.9128878281622912,0.47992471769134254
0.9128878281622912,0.480225988700565
0.9128878281622912,0.4805276381909548
0.9128878281622912,0.4808296668761785
0.9128878281622912,0.4811320754716981
0.9128878281622912,0.4814348646947766
0.9128878281622912,0.4823455233291299
0.9128878281622912,0.48264984227129337
0.9128878281622912,0.48295454545454547
0.9128878281622912,0.4832596336070752
0.9128878281622912,0.4835651074589128
0.9116945107398569,0.48323845667299176
0.9116945107398569,0.4835443037974684
0.9116945107398569,0.4844641724793913
0.9116945107398569,0.4847715736040609
0.9116945107398569,0.4863144493952896
0.9116945107398569,0.48662420382165605
0.9116945107398569,0.4872448979591837
0.9116945107398569,0.48755583918315254
0.9116945107398569,0.4881789137380192
0.9116945107398569,0.4884910485933504
0.9116945107398569,0.48911651728553135
0.9116945107398569,0.49037227214377405
0.9105011933174224,0.4900449582530507
0.9105011933174224,0.4903598971722365
0.9093078758949881,0.490032154340836
0.9081145584725537,0.4897039897039897
0.9081145584725537,0.4900193174500966
0.9081145584725537,0.49128469980632666
0.9081145584725537,0.4919198448610213
0.9081145584725537,0.4922380336351876
0.9081145584725537,0.4925566343042071
0.9081145584725537,0.49287564766839376
0.905727923627685,0.49221789883268485
0.9045346062052506,0.4918883841661259
0.9045346062052506,0.49316851008458035
0.9045346062052506,0.4934895833333333
0.9045346062052506,0.4938110749185668
0.9045346062052506,0.49477806788511747
0.9045346062052506,0.4954248366013072
0.9045346062052506,0.49574885546108566
0.9021479713603818,0.4950884086444008
0.9009546539379475,0.4947575360419397
0.9009546539379475,0.49508196721311476
0.8997613365155132,0.494750656167979
0.8997613365155132,0.495075508864084
0.8997613365155132,0.49540078843626806
0.8985680190930787,0.49506903353057197
0.8985680190930787,0.4953947368421053
0.8985680190930787,0.4957208689927584
0.8985680190930787,0.49604743083003955
0.8973747016706444,0.4957152274225445
0.89618138424821,0.4953825857519789
0.8949880668257757,0.49504950495049505
0.8949880668257757,0.4970178926441352
0.8949880668257757,0.4973474801061008
0.8878281622911695,0.49533954727030627
0.8878281622911695,0.49566955363091275
0.8878281622911695,0.496
0.8878281622911695,0.4963308872581721
0.8878281622911695,0.49666221628838453
0.8878281622911695,0.4969939879759519
0.8878281622911695,0.4979919678714859
0.8878281622911695,0.4983255190890824
0.8878281622911695,0.49899396378269617
0.8878281622911695,0.4993288590604027
0.8878281622911695,0.49966420416386836
0.8878281622911695,0.5
0.8878281622911695,0.5003362474781439
0.8878281622911695,0.5006729475100942
0.8878281622911695,0.501010101010101
0.8878281622911695,0.5023632680621202
0.8878281622911695,0.5027027027027027
0.8854415274463007,0.5020297699594046
0.8854415274463007,0.5023696682464455
0.8854415274463007,0.502710027100271
0.8854415274463007,0.5030508474576271
0.8854415274463007,0.5033921302578019
0.8854415274463007,0.5037338764426341
0.8854415274463007,0.5040760869565217
0.8854415274463007,0.504418762746431
0.8842482100238663,0.5040816326530613
0.883054892601432,0.5037440435670524
0.883054892601432,0.5040871934604905
0.883054892601432,0.5044308111792775
0.883054892601432,0.5051194539249146
0.8794749403341289,0.5041039671682627
0.8758949880668258,0.5030843043180261
0.8758949880668258,0.5034293552812071
0.8747016706443914,0.5030885380919699
0.8747016706443914,0.5034340659340659
0.8747016706443914,0.5037800687285223
0.8747016706443914,0.5041265474552957
0.8747016706443914,0.5048209366391184
0.8747016706443914,0.5051688490696071
0.8747016706443914,0.5055172413793103
0.8747016706443914,0.5062154696132597
0.8735083532219571,0.5058742225293711
0.8735083532219571,0.5062240663900415
0.8723150357995226,0.5058823529411764
0.8723150357995226,0.5072866065232478
0.8723150357995226,0.5076388888888889
0.8723150357995226,0.5079916608756081
0.8723150357995226,0.5083449235048678
0.8711217183770883,0.5080027835768963
0.8711217183770883,0.5083565459610028
0.8711217183770883,0.5090655509065551
0.8711217183770883,0.5094207955338451
0.8711217183770883,0.5097765363128491
0.8711217183770883,0.5101327742837177
0.8711217183770883,0.5104895104895105
0.8711217183770883,0.5108467459762072
0.8711217183770883,0.511204481792717
0.8711217183770883,0.51156271899089
0.8711217183770883,0.511921458625526
0.8711217183770883,0.512280701754386
0.8711217183770883,0.5126404494382022
0.8711217183770883,0.5133614627285513
0.8711217183770883,0.514446793516561
0.8711217183770883,0.5148095909732017
0.8711217183770883,0.5151729004940014
0.8711217183770883,0.5155367231638418
0.8711217183770883,0.5159010600706714
0.8711217183770883,0.5162659123055162
0.869928400954654,0.5159235668789809
0.869928400954654,0.5162889518413598
0.869928400954654,0.517388218594748
0.869928400954654,0.5177556818181818
0.869928400954654,0.5181236673773987
0.869928400954654,0.5184921763869133
0.869928400954654,0.5196008553100498
0.869928400954654,0.5199714693295292
0.869928400954654,0.5203426124197003
0.869928400954654,0.5207142857142857
0.8687350835322196,0.5203716940671909
0.8687350835322196,0.5207439198855508
0.8687350835322196,0.5211166785969935
0.8687350835322196,0.5214899713467048
0.8687350835322196,0.5218637992831541
0.8687350835322196,0.5222381635581061
0.8687350835322196,0.5237410071942447
0.8687350835322196,0.5260115606936416
0.8687350835322196,0.5263919016630514
0.8687350835322196,0.5267727930535456
0.8687350835322196,0.5271542360608255
0.8687350835322196,0.527536231884058
0.8687350835322196,0.5279187817258884
0.8687350835322196,0.5283018867924528
0.8687350835322196,0.5286855482933914
0.8687350835322196,0.5290697674418605
0.8687350835322196,0.5294545454545454
0.8687350835322196,0.529839883551674
0.8687350835322196,0.5302257829570284
0.8687350835322196,0.5306122448979592
0.8687350835322196,0.5309992706053975
0.8687350835322196,0.5317750182615048
0.8687350835322196,0.5321637426900585
0.8687350835322196,0.5325530358449159
0.8687350835322196,0.5329428989751098
0.8687350835322196,0.5364775239498895
0.8675417661097852,0.5361356932153393
0.8675417661097852,0.5365313653136531
0.8675417661097852,0.5369276218611522
0.8675417661097852,0.5373244641537325
0.8675417661097852,0.5381199111769059
0.860381861575179,0.5360594795539033
0.8579952267303103,0.5353685778108712
0.8579952267303103,0.5361670395227442
0.8579952267303103,0.5365671641791044
0.8579952267303103,0.5369678864824496
0.8579952267303103,0.5373692077727952
0.8579952267303103,0.537771129394166
0.8579952267303103,0.5385767790262173
0.8579952267303103,0.5389805097451275
0.8579952267303103,0.5393848462115529
0.8579952267303103,0.5430513595166163
0.8579952267303103,0.5434618291761149
0.8579952267303103,0.5438729198184569
0.8568019093078759,0.5435276305828918
0.8568019093078759,0.543939393939394
0.8568019093078759,0.5464231354642314
0.8568019093078759,0.5468392993145469
0.8568019093078759,0.5472560975609756
0.8568019093078759,0.547673531655225
0.8532219570405728,0.5466360856269113
0.8532219570405728,0.5470543228768171
0.8532219570405728,0.5474732006125574
0.8532219570405728,0.5478927203065134
0.8532219570405728,0.5483128834355828
0.8532219570405728,0.5487336914811972
0.8520286396181385,0.5483870967741935
0.8520286396181385,0.5488086087624904
0.8520286396181385,0.5492307692307692
0.8520286396181385,0.5509259259259259
0.8520286396181385,0.5513513513513514
0.8520286396181385,0.5517774343122102
0.8520286396181385,0.5522041763341067
0.8520286396181385,0.5526315789473685
0.8520286396181385,0.5530596436870643
0.8520286396181385,0.5534883720930233
0.850835322195704,0.5531419705197828
0.850835322195704,0.5535714285714286
0.850835322195704,0.554863813229572
0.850835322195704,0.5552959501557633
0.850835322195704,0.5557287607170693
0.850835322195704,0.5561622464898596
0.850835322195704,0.5579029733959311
0.850835322195704,0.5587774294670846
0.850835322195704,0.5592156862745098
0.850835322195704,0.5596546310832025
0.850835322195704,0.5600942655145326
0.8496420047732697,0.559748427672956
0.8496420047732697,0.5601888276947286
0.8496420047732697,0.5606299212598426
0.8496420047732697,0.5610717100078803
0.8496420047732697,0.5615141955835962
0.8496420047732697,0.5619573796369376
0.8496420047732697,0.5624012638230648
0.8496420047732697,0.5628458498023715
0.8496420047732697,0.5655281969817315
0.8496420047732697,0.5659777424483307
0.8496420047732697,0.5664280031821798
0.8496420047732697,0.5668789808917197
0.847255369928401,0.5661881977671451
0.847255369928401,0.5666400638467678
0.847255369928401,0.5670926517571885
0.847255369928401,0.5675459632294164
0.847255369928401,0.568
0.847255369928401,0.5684547638110489
0.8460620525059666,0.5681089743589743
0.8460620525059666,0.5685645549318364
0.8460620525059666,0.57085346215781
0.8460620525059666,0.5713134568896051
0.8460620525059666,0.5717741935483871
0.8448687350835322,0.5714285714285714
0.8448687350835322,0.5718901453957996
0.8448687350835322,0.5737439222042139
0.8436754176610979,0.5733982157339822
0.8424821002386634,0.573051948051948
0.8412887828162291,0.5727051177904143
0.8412887828162291,0.573170731707317
0.8400954653937948,0.5728234336859235
0.8400954653937948,0.5737571312143439
0.8400954653937948,0.5742251223491027
0.8389021479713604,0.5738775510204082
0.8389021479713604,0.5743464052287581
0.8389021479713604,0.5748160261651676
0.8389021479713604,0.5752864157119476
0.8389021479713604,0.5757575757575758
0.8389021479713604,0.5762295081967214
0.8389021479713604,0.5767022149302707
0.8389021479713604,0.577175697865353
0.8389021479713604,0.5776499589153656
0.8389021479713604,0.578125
0.837708830548926,0.5777777777777777
0.837708830548926,0.5782537067545305
0.837708830548926,0.5787304204451772
0.837708830548926,0.5796862097440132
0.8365155131264916,0.5793388429752067
0.834128878281623,0.5786423841059603
0.834128878281623,0.5791217895608948
0.834128878281623,0.5800829875518673
0.834128878281623,0.5805647840531561
0.834128878281623,0.5810473815461347
0.8329355608591885,0.5806988352745425
0.8329355608591885,0.5811823480432973
0.8329355608591885,0.5821517931609674
0.8329355608591885,0.5826377295492488
0.8329355608591885,0.5831244778613199
0.8329355608591885,0.5836120401337793
0.8329355608591885,0.5841004184100418
0.8329355608591885,0.5845896147403685
0.8329355608591885,0.5850796311818944
0.8317422434367542,0.584731543624161
0.8317422434367542,0.5852225020990764
0.8317422434367542,0.5857142857142857
0.8317422434367542,0.5867003367003367
0.8317422434367542,0.5871946082561078
0.8317422434367542,0.5886824324324325
0.8317422434367542,0.5911789652247668
0.8317422434367542,0.5916808149405772
0.8317422434367542,0.5921835174171622
0.8317422434367542,0.592687074829932
0.8305489260143198,0.5923404255319149
0.8293556085918854,0.5919931856899489
0.8293556085918854,0.5924978687127025
0.8281622911694511,0.5921501706484642
0.8281622911694511,0.5926558497011102
0.8281622911694511,0.5931623931623932
0.8269689737470167,0.592814371257485
0.8269689737470167,0.5933219178082192
0.8269689737470167,0.5938303341902313
0.8269689737470167,0.5943396226415094
0.8269689737470167,0.5948497854077254
0.8269689737470167,0.595360824742268
0.8269689737470167,0.5958727429062769
0.8269689737470167,0.5968992248062015
0.8269689737470167,0.5974137931034482
0.8269689737470167,0.5979292493528904
0.8269689737470167,0.5984455958549223
0.8257756563245824,0.5980985306828004
0.8245823389021479,0.5977508650519031
0.8245823389021479,0.5982683982683983
0.8245823389021479,0.598786828422877
0.8233890214797136,0.598438855160451
0.8221957040572793,0.5980902777777778
0.8221957040572793,0.5986099044309297
0.8221957040572793,0.6001742160278746
0.8210023866348448,0.5998256320836965
0.8186157517899761,0.5991266375545852
0.8186157517899761,0.5996503496503497
0.8186157517899761,0.600174978127734
0.8186157517899761,0.6012269938650306
0.8174224343675418,0.6008771929824561
0.8174224343675418,0.6014047410008779
0.8174224343675418,0.6019332161687171
0.8174224343675418,0.6024626209322779
0.8162291169451074,0.602112676056338
0.8162291169451074,0.6026431718061674
0.8162291169451074,0.6047745358090185
0.8162291169451074,0.6053097345132743
0.8162291169451074,0.6058458813108946
0.8162291169451074,0.6063829787234043
0.8162291169451074,0.6101694915254238
0.8162291169451074,0.6107142857142858
0.8162291169451074,0.6129032258064516
0.8162291169451074,0.6134529147982063
0.8162291169451074,0.6156615661566157
0.815035799522673,0.6153153153153154
0.8138424821002387,0.6149684400360685
0.8138424821002387,0.6155234657039711
0.8126491646778043,0.6151761517615176
0.8114558472553699,0.6148282097649186
0.8114558472553699,0.6159420289855072
0.8102625298329356,0.6155938349954669
0.8102625298329356,0.6161524500907442
0.8102625298329356,0.6167120799273388
0.8090692124105012,0.6163636363636363
0.8090692124105012,0.6186131386861314
0.8090692124105012,0.6191780821917808
0.8090692124105012,0.6203110704483074
0.8090692124105012,0.6208791208791209
0.8090692124105012,0.6214482126489459
0.8090692124105012,0.6220183486238532
0.8090692124105012,0.6225895316804407
0.8090692124105012,0.6237350505979761
0.8090692124105012,0.6243093922651933
0.8078758949880668,0.623963133640553
0.8066825775656324,0.6236162361623616
0.8066825775656324,0.6241920590951062
0.8066825775656324,0.6247689463955638
0.8066825775656324,0.6253469010175763
0.8054892601431981,0.625
0.8054892601431981,0.6255792400370713
0.8054892601431981,0.6290773532152842
0.8054892601431981,0.6296641791044776
0.8054892601431981,0.6314312441534145
0.8054892601431981,0.6320224719101124
0.8054892601431981,0.6326148078725399
0.8054892601431981,0.6343984962406015
0.8054892601431981,0.6349952963311383
0.8054892601431981,0.635593220338983
0.8054892601431981,0.6367924528301887
0.8054892601431981,0.6379962192816635
0.8054892601431981,0.6385998107852412
0.8054892601431981,0.6392045454545454
0.8054892601431981,0.6398104265402843
0.8054892601431981,0.6422454804947669
0.8054892601431981,0.6428571428571429
0.8054892601431981,0.6434699714013346
0.8054892601431981,0.6440839694656488
0.8054892601431981,0.6446991404011462
0.8042959427207638,0.6443594646271511
0.8042959427207638,0.6449760765550239
0.8042959427207638,0.6455938697318008
0.8042959427207638,0.6462128475551294
0.8042959427207638,0.6468330134357005
0.8042959427207638,0.6474543707973103
0.8031026252983293,0.6471153846153846
0.8031026252983293,0.6477382098171318
0.8007159904534606,0.6470588235294118
0.7995226730310262,0.6467181467181468
0.7983293556085919,0.6463768115942029
0.7971360381861575,0.6460348162475822
0.7971360381861575,0.6466602129719264
0.7971360381861575,0.6479146459747818
0.7971360381861575,0.6485436893203883
0.7971360381861575,0.6504381694255112
0.7959427207637232,0.6500974658869396
0.7959427207637232,0.6513671875
0.7959427207637232,0.6520039100684262
0.7959427207637232,0.6526418786692759
0.7959427207637232,0.653281096963761
0.7959427207637232,0.653921568627451
0.7959427207637232,0.6545632973503435
0.7911694510739857,0.6532019704433497
0.7911694510739857,0.6538461538461539
0.7911694510739857,0.6544916090819348
0.7911694510739857,0.6551383399209486
0.7911694510739857,0.655786350148368
0.7911694510739857,0.6564356435643565
0.7911694510739857,0.6570862239841427
0.7911694510739857,0.6577380952380952
0.7840095465393795,0.655688622754491
0.7840095465393795,0.6563436563436563
0.7840095465393795,0.657
0.7840095465393795,0.6576576576576577
0.7840095465393795,0.6583166332665331
0.7828162291169452,0.6579739217652959
0.7828162291169452,0.6586345381526104
0.7828162291169452,0.6592964824120603
0.7804295942720764,0.6586102719033232
0.7804295942720764,0.6592741935483871
0.7732696897374701,0.6572008113590264
0.7732696897374701,0.6578680203045685
0.7720763723150358,0.657520325203252
0.7720763723150358,0.6581892166836215
0.7708830548926014,0.6578411405295316
0.7696897374701671,0.6574923547400612
0.7696897374701671,0.6581632653061225
0.7696897374701671,0.658835546475996
0.7696897374701671,0.6595092024539877
0.7696897374701671,0.6628982528263104
0.7696897374701671,0.6642636457260556
0.7696897374701671,0.6649484536082474
0.7696897374701671,0.6656346749226006
0.7696897374701671,0.6690871369294605
0.7684964200477327,0.6687435098650052
0.7684964200477327,0.6694386694386695
0.7684964200477327,0.6701352757544224
0.7684964200477327,0.6708333333333333
0.7684964200477327,0.6715328467153284
0.7684964200477327,0.6722338204592901
0.7684964200477327,0.6729362591431557
0.7684964200477327,0.6736401673640168
0.7684964200477327,0.6743455497382199
0.7684964200477327,0.6750524109014675
0.7673031026252983,0.6747114375655824
0.766109785202864,0.6743697478991597
0.7649164677804295,0.6740273396424816
0.7637231503579952,0.6736842105263158
0.7637231503579952,0.6743940990516333
0.7637231503579952,0.6751054852320675
0.7637231503579952,0.675818373812038
0.7637231503579952,0.6765327695560254
0.7637231503579952,0.6772486772486772
0.7637231503579952,0.6779661016949152
0.7637231503579952,0.6786850477200425
0.7625298329355609,0.678343949044586
0.7601431980906921,0.6776595744680851
0.7601431980906921,0.678381256656017
0.7601431980906921,0.6791044776119403
0.7601431980906921,0.67982924226254
0.7601431980906921,0.6805555555555556
0.7589498806682577,0.6802139037433155
0.7589498806682577,0.6809421841541756
0.7589498806682577,0.6816720257234726
0.7589498806682577,0.6824034334763949
0.7589498806682577,0.6831364124597207
0.7577565632458234,0.6827956989247311
0.7577565632458234,0.6835306781485468
0.7565632458233891,0.6831896551724138
0.7553699284009546,0.6828478964401294
0.7553699284009546,0.683585313174946
0.7553699284009546,0.685064935064935
0.7553699284009546,0.6895424836601307
0.7553699284009546,0.6902944383860414
0.7553699284009546,0.6910480349344978
0.7553699284009546,0.6918032786885245
0.7553699284009546,0.6933187294633077
0.7553699284009546,0.694078947368421
0.7553699284009546,0.6948408342480791
0.7541766109785203,0.6945054945054945
0.752983293556086,0.6941694169416942
0.752983293556086,0.6949339207048458
0.7517899761336515,0.6945975744211687
0.7517899761336515,0.6961325966850829
0.7505966587112172,0.6957964601769911
0.7494033412887828,0.6954595791805094
0.7494033412887828,0.6962305986696231
0.7482100238663485,0.6958934517203108
0.747016706443914,0.6955555555555556
0.7458233890214797,0.6952169076751946
0.7458233890214797,0.6967670011148273
0.7458233890214797,0.6998880179171333
0.7458233890214797,0.7006726457399103
0.7446300715990454,0.7003367003367004
0.7446300715990454,0.701123595505618
0.7434367541766109,0.7007874015748031
0.7434367541766109,0.7015765765765766
0.7422434367541766,0.7012401352874859
0.7422434367541766,0.7020316027088036
0.7374701670644391,0.7006802721088435
0.7374701670644391,0.7014755959137344
0.7374701670644391,0.7022727272727273
0.7374701670644391,0.7030716723549488
0.7362768496420048,0.7027334851936219
0.7350835322195705,0.7023945267958951
0.7326968973747017,0.7017142857142857
0.7326968973747017,0.7025171624713958
0.7315035799522673,0.702176403207331
0.7315035799522673,0.7029816513761468
0.7315035799522673,0.703788748564868
0.7315035799522673,0.7054085155350979
0.7303102625298329,0.7050691244239631
0.7291169451073986,0.7047289504036909
0.7291169451073986,0.7063583815028902
0.7291169451073986,0.7088167053364269
0.7291169451073986,0.7096399535423926
0.7291169451073986,0.7104651162790697
0.7291169451073986,0.7112922002328289
0.7291169451073986,0.7121212121212122
0.7279236276849642,0.7117852975495916
0.7279236276849642,0.7126168224299065
0.7267303102625299,0.712280701754386
0.7267303102625299,0.7131147540983607
0.7267303102625299,0.7139507620164126
0.7267303102625299,0.7147887323943662
0.7255369928400954,0.7144535840188014
0.7243436754176611,0.7141176470588235
0.7243436754176611,0.7149587750294464
0.720763723150358,0.7139479905437353
0.7195704057279236,0.7136094674556213
0.7195704057279236,0.7144549763033176
0.7183770883054893,0.7141162514827996
0.7183770883054893,0.7149643705463183
0.7183770883054893,0.7158145065398336
0.7183770883054893,0.7175208581644815
0.7183770883054893,0.7183770883054893
0.7183770883054893,0.7192353643966547
0.7183770883054893,0.7200956937799043
0.7183770883054893,0.7209580838323353
0.7171837708830548,0.7206235011990407
0.7159904534606205,0.7202881152460985
0.7159904534606205,0.7220216606498195
0.7159904534606205,0.7228915662650602
0.7159904534606205,0.7237635705669482
0.7159904534606205,0.7246376811594203
0.7147971360381862,0.7243047158403869
0.7136038186157518,0.7239709443099274
0.7136038186157518,0.7248484848484849
0.7136038186157518,0.7266099635479951
0.7136038186157518,0.7274939172749392
0.7124105011933174,0.7271619975639464
0.7124105011933174,0.7307221542227662
0.7124105011933174,0.7316176470588235
0.7124105011933174,0.7325153374233129
0.7124105011933174,0.7334152334152334
0.7124105011933174,0.7343173431734318
0.7100238663484487,0.7336621454993835
0.7088305489260143,0.7333333333333333
0.7076372315035799,0.7330037082818294
0.7076372315035799,0.7339108910891089
0.7076372315035799,0.734820322180917
0.7076372315035799,0.7366459627329193
0.7076372315035799,0.7375621890547264
0.7076372315035799,0.7384806973848069
0.7076372315035799,0.74125
0.7052505966587113,0.7406015037593985
0.7028639618138425,0.7399497487437185
0.7016706443914081,0.7396226415094339
0.7004773269689738,0.739294710327456
0.7004773269689738,0.7402269861286255
0.7004773269689738,0.7411616161616161
0.7004773269689738,0.7420986093552465
0.7004773269689738,0.743979721166033
0.7004773269689738,0.7449238578680203
0.7004773269689738,0.7468193384223919
0.7004773269689738,0.7477707006369426
0.6992840095465394,0.7474489795918368
0.6968973747016707,0.7468030690537084
0.6957040572792362,0.7464788732394366
0.6945107398568019,0.7461538461538462
0.6933174224343676,0.7458279845956355
0.6921241050119332,0.7455012853470437
0.6921241050119332,0.7464607464607464
0.6909307875894988,0.7461340206185567
0.6909307875894988,0.7470967741935484
0.6909307875894988,0.7490297542043984
0.6909307875894988,0.752925877763329
0.6909307875894988,0.7548891786179922
0.6909307875894988,0.7558746736292428
0.6897374701670644,0.7555555555555555
0.6885441527446301,0.7552356020942408
0.6885441527446301,0.7562254259501966
0.6873508353221957,0.7559055118110236
0.6873508353221957,0.7578947368421053
0.6873508353221957,0.758893280632411
0.6873508353221957,0.7598944591029023
0.684964200477327,0.7592592592592593
0.6825775656324582,0.7586206896551724
0.6825775656324582,0.7596281540504648
0.6825775656324582,0.7606382978723404
0.6813842482100239,0.7603195739014648
0.6801909307875895,0.76
0.6789976133651552,0.7596795727636849
0.6778042959427207,0.7593582887700535
0.6778042959427207,0.7603748326639893
0.6766109785202864,0.760053619302949
0.6766109785202864,0.7610738255033557
0.6766109785202864,0.7620967741935484
0.6754176610978521,0.7617765814266487
0.6742243436754176,0.761455525606469
0.6730310262529833,0.7611336032388664
0.6706443914081146,0.7604871447902571
0.6694510739856802,0.7601626016260162
0.6694510739856802,0.7611940298507462
0.6694510739856802,0.7622282608695652
0.6682577565632458,0.7619047619047619
0.6682577565632458,0.7629427792915532
0.6670644391408115,0.762619372442019
0.6670644391408115,0.7636612021857924
0.6670644391408115,0.7647058823529411
0.6670644391408115,0.7657534246575343
0.6670644391408115,0.766803840877915
0.6670644391408115,0.7689133425034388
0.6670644391408115,0.7699724517906336
0.6670644391408115,0.7710344827586207
0.6670644391408115,0.7720994475138122
0.6670644391408115,0.7731673582295989
0.665871121718377,0.7728531855955678
0.665871121718377,0.7771587743732591
0.665871121718377,0.7782426778242678
0.6646778042959427,0.7779329608938548
0.6646778042959427,0.779020979020979
0.6634844868735084,0.7787114845938375
0.6634844868735084,0.7798036465638148
0.662291169451074,0.7794943820224719
0.662291169451074,0.7805907172995781
0.6610978520286396,0.780281690140845
0.6610978520286396,0.7813822284908322
0.6610978520286396,0.7824858757062146
0.6610978520286396,0.7847025495750708
0.6599045346062052,0.7843971631205674
0.6587112171837709,0.7840909090909091
0.6575178997613366,0.7837837837837838
0.6575178997613366,0.7849002849002849
0.6563245823389021,0.7845934379457917
0.6551312649164678,0.7842857142857143
0.6551312649164678,0.7854077253218884
0.6551312649164678,0.787661406025825
0.6539379474940334,0.7873563218390804
0.6539379474940334,0.7884892086330936
0.6539379474940334,0.7896253602305475
0.6539379474940334,0.7907647907647908
0.652744630071599,0.7904624277456648
0.652744630071599,0.7927536231884058
0.652744630071599,0.7939042089985486
0.6515513126491647,0.7936046511627907
0.6515513126491647,0.7947598253275109
0.6515513126491647,0.7959183673469388
0.6503579952267303,0.7956204379562044
0.6503579952267303,0.7967836257309941
0.649164677804296,0.7964860907759883
0.6479713603818615,0.7961876832844574
0.6467780429594272,0.7958883994126285
0.6467780429594272,0.7970588235294118
0.6467780429594272,0.7982326951399117
0.6467780429594272,0.799410029498525
0.6455847255369929,0.7991137370753324
0.6443914081145584,0.7988165680473372
0.6431980906921241,0.7985185185185185
0.6420047732696897,0.798219584569733
0.6408114558472554,0.7979197622585439
0.6408114558472554,0.7991071428571429
0.639618138424821,0.7988077496274217
0.6384248210023866,0.7985074626865671
0.6384248210023866,0.7997010463378177
0.6372315035799523,0.7994011976047904
0.6372315035799523,0.800599700149925
0.636038186157518,0.8003003003003003
0.636038186157518,0.8015037593984963
0.6336515513126492,0.8009049773755657
0.6336515513126492,0.8057663125948407
0.6336515513126492,0.8069908814589666
0.6324582338902148,0.806697108066971
0.6324582338902148,0.8079268292682927
0.6324582338902148,0.8091603053435115
0.6312649164677804,0.808868501529052
0.630071599045346,0.8085758039816233
0.6288782816229117,0.808282208588957
0.6288782816229117,0.8095238095238095
0.6288782816229117,0.8107692307692308
0.6276849642004774,0.810477657935285
0.6264916467780429,0.8101851851851852
0.6264916467780429,0.8114374034003091
0.6252983293556086,0.8111455108359134
0.6252983293556086,0.8124031007751938
0.6241050119331742,0.812111801242236
0.6241050119331742,0.8133748055987559
0.6229116945107399,0.8130841121495327
0.6217183770883055,0.8127925117004681
0.6205250596658711,0.8125
0.6205250596658711,0.8150470219435737
0.6193317422434368,0.814756671899529
0.6193317422434368,0.8160377358490566
0.6181384248210023,0.815748031496063
0.616945107398568,0.8154574132492114
0.6157517899761337,0.8151658767772512
0.6157517899761337,0.8164556962025317
0.6157517899761337,0.8177496038034865
0.6145584725536993,0.8174603174603174
0.6145584725536993,0.8187599364069952
0.6133651551312649,0.8184713375796179
0.6133651551312649,0.8197767145135566
0.6133651551312649,0.8224
0.6097852028639618,0.8215434083601286
0.6085918854415274,0.821256038647343
0.6085918854415274,0.8225806451612904
0.6062052505966588,0.8220064724919094
0.6062052505966588,0.8233387358184765
0.6050119331742243,0.823051948051948
0.6050119331742243,0.824390243902439
0.60381861575179,0.8241042345276873
0.60381861575179,0.8254486133768353
0.6026252983293556,0.8251633986928104
0.6014319809069213,0.8248772504091653
0.6014319809069213,0.8262295081967214
0.6014319809069213,0.8275862068965517
0.6002386634844868,0.8273026315789473
0.5990453460620525,0.8270181219110379
0.5990453460620525,0.8283828382838284
0.5978520286396182,0.828099173553719
0.5978520286396182,0.8294701986754967
0.5978520286396182,0.8308457711442786
0.5978520286396182,0.8336106489184693
0.5966587112171837,0.8333333333333334
0.5954653937947494,0.8330550918196995
0.5954653937947494,0.8358458961474037
0.594272076372315,0.8355704697986577
0.5930787589498807,0.8352941176470589
0.5930787589498807,0.8367003367003367
0.5930787589498807,0.8381112984822934
0.5918854415274463,0.8378378378378378
0.5906921241050119,0.8375634517766497
0.5906921241050119,0.8389830508474576
0.5894988066825776,0.8387096774193549
0.5883054892601431,0.8384353741496599
0.5883054892601431,0.8398637137989778
0.5871121718377088,0.8395904436860068
0.5871121718377088,0.841025641025641
0.5859188544152745,0.8407534246575342
0.5847255369928401,0.8404802744425386
0.5847255369928401,0.8419243986254296
0.5835322195704057,0.8416523235800344
0.581145584725537,0.8411053540587219
0.5799522673031027,0.8408304498269896
0.5787589498806682,0.8405545927209706
0.5787589498806682,0.8434782608695652
0.5775656324582339,0.8432055749128919
0.5763723150357996,0.8429319371727748
0.5751789976133651,0.8426573426573427
0.5739856801909308,0.8423817863397548
0.5739856801909308,0.843859649122807
0.5739856801909308,0.846830985915493
0.5739856801909308,0.8483245149911817
0.5727923627684964,0.8480565371024735
0.5715990453460621,0.8477876106194691
0.5715990453460621,0.849290780141844
0.5704057279236276,0.8490230905861457
0.5692124105011933,0.8487544483985765
0.568019093078759,0.8484848484848485
0.5668257756563246,0.8482142857142857
0.5668257756563246,0.8497316636851521
0.5668257756563246,0.8512544802867383
0.5668257756563246,0.8527827648114902
0.5668257756563246,0.85431654676259
0.5656324582338902,0.8540540540540541
0.5644391408114559,0.8537906137184116
0.5632458233890215,0.8535262206148282
0.5632458233890215,0.8566243194192378
0.5632458233890215,0.8581818181818182
0.5620525059665871,0.8579234972677595
0.5620525059665871,0.8594890510948905
0.5620525059665871,0.8642201834862385
0.5620525059665871,0.8658088235294118
0.5608591885441527,0.8655616942909761
0.5608591885441527,0.8671586715867159
0.5596658711217184,0.866913123844732
0.5596658711217184,0.8685185185185185
0.5584725536992841,0.8682745825602969
0.5572792362768496,0.8680297397769516
0.5572792362768496,0.871268656716418
0.5548926014319809,0.8707865168539326
0.5536992840095465,0.8705440900562852
0.5525059665871122,0.8703007518796992
0.5525059665871122,0.871939736346516
0.5513126491646778,0.8716981132075472
0.5501193317422435,0.8714555765595463
0.5477326968973747,0.8709677419354839
0.5465393794749404,0.870722433460076
0.545346062052506,0.8704761904761905
0.5441527446300716,0.8702290076335878
0.5429594272076372,0.869980879541109
0.5429594272076372,0.8716475095785441
0.5417661097852029,0.8714011516314779
0.5417661097852029,0.8730769230769231
0.5393794749403341,0.8725868725868726
0.5381861575178998,0.8723404255319149
0.5381861575178998,0.874031007751938
0.5369928400954654,0.8737864077669902
0.5369928400954654,0.8754863813229572
0.535799522673031,0.8752436647173489
0.535799522673031,0.8786692759295499
0.5346062052505967,0.8784313725490196
0.5334128878281623,0.8781925343811395
0.5334128878281623,0.8799212598425197
0.5310262529832935,0.8794466403162056
0.5262529832935561,0.8784860557768924
0.5262529832935561,0.8802395209580839
0.5262529832935561,0.882
0.5262529832935561,0.8837675350701403
0.5250596658711217,0.8835341365461847
0.5238663484486874,0.8832997987927566
0.522673031026253,0.8830645161290323
0.522673031026253,0.8848484848484849
0.5202863961813843,0.8843813387423936
0.5190930787589498,0.8841463414634146
0.5178997613365155,0.8839103869653768
0.5167064439140812,0.8836734693877552
0.5155131264916468,0.8834355828220859
0.5143198090692124,0.8831967213114754
0.513126491646778,0.8829568788501027
0.5119331742243437,0.8827160493827161
0.5107398568019093,0.8824742268041237
0.5107398568019093,0.8842975206611571
0.5095465393794749,0.8840579710144928
0.5083532219570406,0.8838174273858921
0.5071599045346062,0.8835758835758836
0.5059665871121718,0.8833333333333333
0.5059665871121718,0.8851774530271399
0.5047732696897375,0.8849372384937239
0.5035799522673031,0.8846960167714885
0.5023866348448688,0.884453781512605
0.5011933174224343,0.8842105263157894
0.5011933174224343,0.8860759493670886
0.5,0.8858350951374208
0.49522673031026254,0.8848614072494669
0.49403341288782815,0.8846153846153846
0.4928400954653938,0.8843683083511777
0.4916467780429594,0.8841201716738197
0.4904534606205251,0.8838709677419355
0.4892601431980907,0.8836206896551724
0.4880668257756563,0.8833693304535637
0.48687350835322196,0.8831168831168831
0.48568019093078757,0.8828633405639913
0.48448687350835323,0.8826086956521739
0.48329355608591884,0.8823529411764706
0.4821002386634845,0.8820960698689956
0.4809069212410501,0.8818380743982495
0.4797136038186158,0.881578947368421
0.4785202863961814,0.8813186813186813
0.4785202863961814,0.8832599118942731
0.4785202863961814,0.8852097130242825
0.477326968973747,0.8849557522123894
0.47613365155131265,0.88470066518847
0.47494033412887826,0.8844444444444445
0.4737470167064439,0.8841870824053452
0.47255369928400953,0.8839285714285714
0.47255369928400953,0.8859060402684564
0.4713603818615752,0.8856502242152466
0.4701670644391408,0.8853932584269663
0.4701670644391408,0.8873873873873874
0.46897374701670647,0.8871331828442438
0.4677804295942721,0.8868778280542986
0.4665871121718377,0.8866213151927438
0.46539379474940334,0.8863636363636364
0.46420047732696895,0.8861047835990888
0.4618138424821002,0.88558352402746
0.4606205250596659,0.8853211009174312
0.4594272076372315,0.8850574712643678
0.45823389021479716,0.8847926267281107
0.45704057279236276,0.8845265588914549
0.45584725536992843,0.8842592592592593
0.45465393794749404,0.8839907192575406
0.45465393794749404,0.8881118881118881
0.45346062052505964,0.8878504672897196
0.4522673031026253,0.8875878220140515
0.4498806682577566,0.8870588235294118
0.4498806682577566,0.8891509433962265
0.4498806682577566,0.8912529550827423
0.4486873508353222,0.8909952606635071
0.4486873508353222,0.8931116389548693
0.4486873508353222,0.8952380952380953
0.44749403341288785,0.8949880668257757
0.44630071599045346,0.8947368421052632
0.4451073985680191,0.894484412470024
0.4439140811455847,0.8942307692307693
0.4439140811455847,0.8963855421686747
0.44272076372315033,0.8961352657004831
0.441527446300716,0.8958837772397095
0.43914081145584727,0.8953771289537713
0.43914081145584727,0.8975609756097561
0.4379474940334129,0.8973105134474327
0.43675417661097854,0.8970588235294118
0.4343675417661098,0.896551724137931
0.4331742243436754,0.8962962962962963
0.431980906921241,0.8960396039603961
0.4307875894988067,0.8957816377171216
0.4295942720763723,0.8955223880597015
0.42840095465393796,0.8952618453865336
0.42840095465393796,0.899749373433584
0.42720763723150357,0.8994974874371859
0.42601431980906923,0.8992443324937027
0.42482100238663484,0.898989898989899
0.4236276849642005,0.8987341772151899
0.4224343675417661,0.8984771573604061
0.4212410501193317,0.8982188295165394
0.4200477326968974,0.8979591836734694
0.418854415274463,0.8976982097186701
0.41766109785202865,0.8974358974358975
0.41646778042959426,0.897172236503856
0.4152744630071599,0.8969072164948454
0.41408114558472553,0.896640826873385
0.41408114558472553,0.8989637305699482
0.41408114558472553,0.9012987012987013
0.41408114558472553,0.9036458333333334
0.41408114558472553,0.9060052219321149
0.41408114558472553,0.9083769633507853
0.4128878281622912,0.9081364829396326
0.4116945107398568,0.9078947368421053
0.4105011933174224,0.9076517150395779
0.40930787589498807,0.9074074074074074
0.4081145584725537,0.9071618037135278
0.40692124105011934,0.9069148936170213
0.40572792362768495,0.9066666666666666
0.40572792362768495,0.9090909090909091
0.4045346062052506,0.9088471849865952
0.4045346062052506,0.9112903225806451
0.4033412887828162,0.9110512129380054
0.4021479713603819,0.9108108108108108
0.4009546539379475,0.9105691056910569
0.4009546539379475,0.9130434782608695
0.3997613365155131,0.9128065395095368
0.3997613365155131,0.9178082191780822
0.39856801909307876,0.9175824175824175
0.39737470167064437,0.9173553719008265
0.39618138424821003,0.9171270718232044
0.39618138424821003,0.9196675900277008
0.39498806682577564,0.9194444444444444
0.3937947494033413,0.9192200557103064
0.3926014319809069,0.9189944134078212
0.3914081145584726,0.9187675070028011
0.3902147971360382,0.9185393258426966
0.38902147971360385,0.9183098591549296
0.38782816229116945,0.9180790960451978
0.38663484486873506,0.9178470254957507
0.3854415274463007,0.9176136363636364
0.3854415274463007,0.9202279202279202
0.38424821002386633,0.92
0.383054892601432,0.9197707736389685
0.3818615751789976,0.9195402298850575
0.38066825775656327,0.9193083573487032
0.3794749403341289,0.9190751445086706
0.3794749403341289,0.9217391304347826
0.3794749403341289,0.9244186046511628
0.37828162291169454,0.924198250728863
0.37708830548926014,0.9239766081871345
0.37708830548926014,0.9266862170087976
0.37589498806682575,0.9264705882352942
0.3747016706443914,0.9262536873156342
0.36992840095465396,0.9253731343283582
0.36873508353221957,0.9251497005988024
0.36754176610978523,0.924924924924925
0.36634844868735084,0.9246987951807228
0.36515513126491644,0.9244712990936556
0.3532219570405728,0.9221183800623053
0.3520286396181384,0.921875
0.3520286396181384,0.9247648902821317
0.35083532219570407,0.9245283018867925
0.35083532219570407,0.9274447949526814
0.3496420047732697,0.9272151898734177
0.34844868735083534,0.926984126984127
0.34844868735083534,0.9299363057324841
0.34725536992840095,0.9297124600638977
0.3460620525059666,0.9294871794871795
0.3448687350835322,0.9292604501607717
0.3448687350835322,0.932258064516129
0.3436754176610978,0.9320388349514563
0.3424821002386635,0.9318181818181818
0.3412887828162291,0.9315960912052117
0.34009546539379476,0.9313725490196079
0.33890214797136037,0.9311475409836065
0.33770883054892603,0.930921052631579
0.33651551312649164,0.9306930693069307
0.33651551312649164,0.9337748344370861
0.3353221957040573,0.9335548172757475
0.3341288782816229,0.9333333333333333
0.3329355608591885,0.9331103678929766
0.3317422434367542,0.9328859060402684
0.3305489260143198,0.9326599326599326
0.3305489260143198,0.9358108108108109
0.32935560859188545,0.9355932203389831
0.32816229116945106,0.935374149659864
0.3269689737470167,0.9351535836177475
0.3269689737470167,0.9383561643835616
0.32577565632458233,0.9381443298969072
0.324582338902148,0.9379310344827586
0.3233890214797136,0.9377162629757786
0.3221957040572792,0.9375
0.3221957040572792,0.9407665505226481
0.32100238663484487,0.9405594405594405
0.3198090692124105,0.9403508771929825
0.315035799522673,0.9395017793594306
0.3138424821002387,0.9392857142857143
0.3126491646778043,0.9390681003584229
0.31145584725536996,0.9388489208633094
0.31026252983293556,0.9386281588447654
0.30906921241050117,0.9384057971014492
0.30787589498806683,0.9381818181818182
0.30668257756563244,0.9379562043795621
0.3054892601431981,0.9377289377289377
0.3042959427207637,0.9375
0.3031026252983294,0.9372693726937269
0.3031026252983294,0.9407407407407408
0.301909307875895,0.9405204460966543
0.29952267303102625,0.9400749063670412
0.29832935560859186,0.9398496240601504
0.29832935560859186,0.9433962264150944
0.2935560859188544,0.9425287356321839
0.29236276849642007,0.9423076923076923
0.2911694510739857,0.9420849420849421
0.2911694510739857,0.9457364341085271
0.28997613365155134,0.9455252918287937
0.28878281622911695,0.9453125
0.28758949880668255,0.9450980392156862
0.2863961813842482,0.9448818897637795
0.2852028639618138,0.9446640316205533
0.2840095465393795,0.9444444444444444
0.27923627684964203,0.9435483870967742
0.27804295942720764,0.9433198380566802
0.2756563245823389,0.9428571428571428
0.2720763723150358,0.9421487603305785
0.24821002386634844,0.9369369369369369
0.24701670644391407,0.9366515837104072
0.2458233890214797,0.9363636363636364
0.24343675417661098,0.9357798165137615
0.2386634844868735,0.9345794392523364
0.2386634844868735,0.9389671361502347
0.2386634844868735,0.9433962264150944
0.23747016706443913,0.943127962085308
0.23269689737470167,0.9420289855072463
0.2315035799522673,0.941747572815534
0.23031026252983294,0.9414634146341463
0.22911694510739858,0.9411764705882353
0.22792362768496421,0.9408866995073891
0.22673031026252982,0.9405940594059405
0.22673031026252982,0.945273631840796
0.22553699284009546,0.945
0.2243436754176611,0.9447236180904522
0.2243436754176611,0.9494949494949495
0.22315035799522673,0.949238578680203
0.220763723150358,0.9487179487179487
0.21957040572792363,0.9484536082474226
0.2171837708830549,0.9479166666666666
0.2159904534606205,0.9476439790575916
0.21479713603818615,0.9473684210526315
0.21360381861575178,0.9470899470899471
0.21241050119331742,0.9468085106382979
0.20286396181384247,0.9444444444444444
0.19331742243436753,0.9418604651162791
0.19331742243436753,0.9473684210526315
0.19212410501193317,0.9470588235294117
0.1909307875894988,0.9467455621301775
0.18973747016706444,0.9464285714285714
0.18854415274463007,0.9461077844311377
0.1873508353221957,0.9457831325301205
0.18615751789976134,0.9454545454545454
0.18496420047732698,0.9451219512195121
0.18377088305489261,0.9447852760736196
0.18257756563245822,0.9444444444444444
0.18138424821002386,0.9440993788819876
0.1801909307875895,0.94375
0.17899761336515513,0.9433962264150944
0.17780429594272076,0.9430379746835443
0.17780429594272076,0.9490445859872612
0.1766109785202864,0.9487179487179487
0.17541766109785203,0.9483870967741935
0.17422434367541767,0.948051948051948
0.17422434367541767,0.954248366013072
0.1730310262529833,0.9539473684210527
0.1718377088305489,0.9536423841059603
0.17064439140811455,0.9533333333333334
0.16945107398568018,0.9530201342281879
0.16825775656324582,0.9527027027027027
0.16825775656324582,0.9591836734693877
0.16706443914081145,0.958904109589041
0.16706443914081145,0.9655172413793104
0.1658711217183771,0.9652777777777778
0.16467780429594273,0.965034965034965
0.15990453460620524,0.9640287769784173
0.15871121718377088,0.9637681159420289
0.1575178997613365,0.9635036496350365
0.1575178997613365,0.9705882352941176
0.15513126491646778,0.9701492537313433
0.15393794749403342,0.9699248120300752
0.15274463007159905,0.9696969696969697
0.1515513126491647,0.9694656488549618
0.15035799522673032,0.9692307692307692
0.14916467780429593,0.9689922480620154
0.14797136038186157,0.96875
0.1467780429594272,0.968503937007874
0.14558472553699284,0.9682539682539683
0.14439140811455847,0.968
0.1431980906921241,0.967741935483871
0.14200477326968974,0.967479674796748
0.13961813842482101,0.9669421487603306
0.1360381861575179,0.9661016949152542
0.13484486873508353,0.9658119658119658
0.13365155131264916,0.9655172413793104
0.1324582338902148,0.9652173913043478
0.13126491646778043,0.9649122807017544
0.13007159904534607,0.9646017699115044
0.1288782816229117,0.9642857142857143
0.1276849642004773,0.963963963963964
0.12649164677804295,0.9636363636363636
0.12649164677804295,0.9724770642201835
0.12529832935560858,0.9722222222222222
0.12410501193317422,0.9719626168224299
0.12291169451073986,0.9716981132075472
0.12171837708830549,0.9714285714285714
0.12052505966587113,0.9711538461538461
0.11933174224343675,0.970873786407767
0.11813842482100238,0.9705882352941176
0.11694510739856802,0.9702970297029703
0.11575178997613365,0.97
0.11455847255369929,0.9696969696969697
0.11336515513126491,0.9693877551020408
0.11217183770883055,0.9690721649484536
0.11097852028639618,0.96875
0.10978520286396182,0.968421052631579
0.10859188544152745,0.9680851063829787
0.10739856801909307,0.967741935483871
0.10501193317422435,0.967032967032967
0.10381861575178998,0.9666666666666667
0.1026252983293556,0.9662921348314607
0.10143198090692124,0.9659090909090909
0.10023866348448687,0.9655172413793104
0.09785202863961814,0.9647058823529412
0.09427207637231504,0.9634146341463414
0.09188544152744631,0.9625
0.09069212410501193,0.9620253164556962
0.08949880668257756,0.9615384615384616
0.0883054892601432,0.961038961038961
0.0883054892601432,0.9736842105263158
0.08711217183770883,0.9733333333333334
0.08591885441527446,0.972972972972973
0.08472553699284009,0.9726027397260274
0.08472553699284009,0.9861111111111112
0.08353221957040573,0.9859154929577465
0.08233890214797136,0.9857142857142858
0.081145584725537,0.9855072463768116
0.07875894988066826,0.9850746268656716
0.07756563245823389,0.9848484848484849
0.07637231503579953,0.9846153846153847
0.07517899761336516,0.984375
0.07398568019093078,0.9841269841269841
0.07279236276849642,0.9838709677419355
0.07040572792362769,0.9833333333333333
0.06801909307875895,0.9827586206896551
0.06801909307875895,1.0
0.06682577565632458,1.0
0.06563245823389022,1.0
0.06443914081145585,1.0
0.06324582338902147,1.0
0.06205250596658711,1.0
0.060859188544152745,1.0
0.05847255369928401,1.0
0.057279236276849645,1.0
0.05608591885441527,1.0
0.05489260143198091,1.0
0.05369928400954654,1.0
0.050119331742243436,1.0
0.04892601431980907,1.0
0.0477326968973747,1.0
0.046539379474940336,1.0
0.045346062052505964,1.0
0.0441527446300716,1.0
0.04295942720763723,1.0
0.041766109785202864,1.0
0.0405727923627685,1.0
0.03937947494033413,1.0
0.03818615751789976,1.0
0.03699284009546539,1.0
0.03579952267303103,1.0
0.034606205250596656,1.0
0.032219570405727926,1.0
0.031026252983293555,1.0
0.029832935560859187,1.0
0.028639618138424822,1.0
0.027446300715990454,1.0
0.026252983293556086,1.0
0.025059665871121718,1.0
0.02386634844868735,1.0
0.022673031026252982,1.0
0.021479713603818614,1.0
0.02028639618138425,1.0
0.01909307875894988,1.0
0.017899761336515514,1.0
0.015513126491646777,1.0
0.014319809069212411,1.0
0.013126491646778043,1.0
0.008353221957040573,1.0
0.007159904534606206,1.0
0.0059665871121718375,1.0
0.00477326968973747,1.0
0.003579952267303103,1.0
0.002386634844868735,1.0
0.0,1.0
