ID,IUPAC_Name,SMILES,Formula,CAS,CID,Identification_Confidence,Plasma_Detection_Number,Plasma_Detection_Rate,Seafood_Detection_Number,Seafood_Detection_Rate,PBT_QSAR_Label,PBT_GAT_Prob,PBT_GAT_Label,PBT_CNN2D_Prob,PBT_CNN2D_Label,Ensemble_PBT_Label,Has_Literature_Record,Max_Tanimoto_Similarity(Norman_Pollutant_Type),Pollutant_Type,First_PBT_Report,First_Environmental_and_Human_Detection
1,2-tert-butyl-6-(5-chlorobenzotriazol-2-yl)-4-methylphenol,Cc1cc(-n2nc3ccc(Cl)cc3n2)c(O)c(C(C)(C)C)c1,C17H18ClN3O,3896115.0,62531.0,level 1,23,0.1186,128,0.9078,0,0.90753734,1,0.92133284,1,1,1,1.0,Industry and consumer goods,1,0
3,[2-butyl-5-chloro-3-[[4-[2-(2H-tetrazol-5-yl)phenyl]phenyl]methyl]imidazol-4-yl]methanol,CCCCc1nc(Cl)c(CO)n1Cc1ccc(-c2ccccc2-c2nn[nH]n2)cc1,C22H23ClN6O,114798264.0,3961.0,level 1,1,0.0052,48,0.3404,0,6.622431e-07,0,0.7917503,1,1,1,1.0,Pharmaceuticals,1,0
10,"[(8S,9R,10S,11S,13S,14S,16S,17R)-9-chloro-11-hydroxy-17-(2-hydroxyacetyl)-10,13,16-trimethyl-3-oxo-6,7,8,11,12,14,15,16-octahydrocyclopenta[a]phenanthren-17-yl] propanoate",CCC(=O)O[C@]1(C(=O)CO)[C@@H](C)C[C@H]2[C@@H]3CCC4=CC(=O)C=C[C@]4(C)[C@@]3(Cl)[C@@H](O)C[C@@]21C,C25H33ClO6,5534189.0,62965.0,level 1,24,0.1237,96,0.6809,0,0.22449528,0,0.0552291,0,0,1,1.0,Transformation and metabolic products,1,0
21,"7-chloro-N-methyl-1'-(2-phenylethyl)spiro[2,3,4,9-tetrahydropyrido[3,4-b]indole-1,4'-piperidine]-3-carboxamide",CNC(=O)C1Cc2c([nH]c3cc(Cl)ccc23)C2(CCN(CCc3ccccc3)CC2)N1,C25H29ClN4O,,44535938.0,level 2a,72,0.3711,116,0.8227,0,0.03601521,0,0.006912851,0,0,0,0.3766233766233766,Transformation and metabolic products,1,1
22,NAN,Cc1cccc(Cl)c1C(=O)NCCCCCNC(=O)c1ccccc1F,C20H22ClFN2O2,,,level 2a,102,0.5258,28,0.1986,0,0.7974763,1,0.09081542,0,1,0,0.4565217391304347,Food and other consumption,1,1
23,N-(1-adamantyl)-1-(5-chloropentyl)indazole-3-carboxamide,O=C(NC12CC3CC(CC(C3)C1)C2)c1nn(CCCCCCl)c2ccccc12,C23H30ClN3O,2160555520.0,129514129.0,level 2a,1,0.0052,115,0.8156,1,0.71623695,1,0.48046038,0,1,0,0.8113207547169812,Pharmaceuticals,1,1
33,"benzyl (1S)-4-[(E)-1-[(4R,5R,8R,9R,10R,13S,14R,15R)-13-(2-chloroethylamino)-4,9,10-trimethyl-15-prop-1-en-2-yl-2,3,5,6,7,8,11,12,14,15,16,17-dodecahydro-1H-cyclopenta[a]phenanthren-4-yl]-4,4-dimethylpent-2-en-3-yl]-1-(fluoromethyl)cyclohex-3-ene-1-carboxylate",C=C(C)[C@@H]1CC[C@]2(NCCCl)CC[C@]3(C)[C@H](CC[C@@H]4[C@@](C)(C/C=C(/C5=CC[C@](CF)(C(=O)OCc6ccccc6)CC5)C(C)(C)C)CCC[C@]43C)[C@@H]12,C47H69ClFNO2,,155393458.0,level 2b,68,0.3505,81,0.5745,1,0.9468217,1,0.9281467,1,1,0,0.3043478260869565,Pharmaceuticals,1,1
36,"(2E)-2-[(2E,4Z,6E)-4-chloro-7-(3-dec-9-enyl-1,1-dimethylbenzo[e]indol-3-ium-2-yl)hepta-2,4,6-trienylidene]-3-dec-9-enyl-1,1-dimethylbenzo[e]indole",C=CCCCCCCCCN1/C(=C/C=C/C(Cl)=C/C=C/C2=[N+](CCCCCCCCC=C)c3ccc4ccccc4c3C2(C)C)C(C)(C)c2c1ccc1ccccc21,C55H68ClN2,,58783056.0,level 2b,8,0.0412,138,0.9787,1,0.9592581,1,0.78243345,1,1,0,0.6282051282051282,Industry and consumer goods,1,1
38,"6-[3,6-bis(2,4,4-trimethylpentan-2-yl)carbazol-9-yl]-4-chloro-6-methyl-2-phenyl-4-(2,4,4-trimethylpentan-2-yl)cyclohex-2-en-1-ol",CC(C)(C)CC(C)(C)c1ccc2c(c1)c1cc(C(C)(C)CC(C)(C)C)ccc1n2C1(C)CC(Cl)(C(C)(C)CC(C)(C)C)C=C(c2ccccc2)C1O,C49H70ClNO,,175088539.0,level 2b,135,0.6959,92,0.6525,1,0.99663246,1,0.9841989,1,1,0,0.3432835820895522,Industry and consumer goods,1,1
39,"N-tert-butyl-6-[(2E)-2-[(2E)-2-[3-[(E)-2-[1-[6-(tert-butylamino)-6-oxohexyl]-3,3-dimethylindol-1-ium-2-yl]ethenyl]-2-chlorocyclopentylidene]ethylidene]-3,3-dimethylindol-1-yl]hexanamide",CC(C)(C)NC(=O)CCCCCN1/C(=C/C=C2\CCC(/C=C/C3=[N+](CCCCCC(=O)NC(C)(C)C)c4ccccc4C3(C)C)C2Cl)C(C)(C)c2ccccc21,C49H70ClN4O2,,168817673.0,level 2b,81,0.4175,99,0.7021,1,0.96976274,1,0.8173219,1,1,0,0.4941176470588235,Industry and consumer goods,1,1
41,"[3a-[2-[[4-chloro-2-[(dimethylamino)methyl]phenyl]methylamino]ethyl]-5a,5b,8,8,11a-pentamethyl-2-oxo-1-propan-2-yl-4,5,6,7,7a,9,10,11,11b,12,13,13a-dodecahydro-3H-cyclopenta[a]chrysen-9-yl] 4-amino-3,3-dimethyl-4-oxobutanoate",CC(C)C1=C2C3CCC4C5(C)CCC(OC(=O)CC(C)(C)C(N)=O)C(C)(C)C5CCC4(C)C3(C)CCC2(CCNCc2ccc(Cl)cc2CN(C)C)CC1=O,C47H72ClN3O4,,123924087.0,level 2b,7,0.0361,141,1.0,1,0.8314964,1,0.7954447,1,1,0,0.3518518518518518,Pharmaceuticals,1,1
48,"1-[5-[[1-adamantylmethyl(2,3-dihydroxypropyl)amino]methyl]-5,13-dihydroxy-6,10-dimethyl-17-tricyclo[13.2.2.02,6]nonadeca-1(17),9,15,18-tetraenyl]-2-(2-chloro-6-fluorophenyl)ethanone",CC1=CCCC2(C)C(CCC2(O)CN(CC(O)CO)CC23CC4CC(CC(C4)C2)C3)c2ccc(cc2C(=O)Cc2c(F)cccc2Cl)CC(O)CC1,C44H59ClFNO5,,5068472.0,level 2b,1,0.0052,141,1.0,1,0.8331752,1,0.048156656,0,1,0,0.2790697674418604,Transformation and metabolic products,1,1
49,"1-[5-[(3,5-dichloro-4-pyridinyl)sulfanyl]-4-nitrothiophen-2-yl]-2-(3-methyl-1,1-dioxo-2,3-dihydro-1-benzothiophen-6-yl)ethanone",CC1CS(=O)(=O)c2cc(CC(=O)c3cc([N+](=O)[O-])c(Sc4c(Cl)cncc4Cl)s3)ccc21,C20H14Cl2N2O5S3,,161820446.0,level 2b,4,0.0206,18,0.1277,0,0.63261336,1,0.34759352,0,1,0,0.3086419753086419,Transformation and metabolic products,1,1
57,"[(3S,8S,9S,10R,14R,17R)-17-[5-[bis(2-chloroethyl)carbamoyloxy]pentan-2-yl]-10-methyl-1,2,3,4,7,8,9,11,12,13,14,15,16,17-tetradecahydrocyclopenta[a]phenanthren-3-yl] (Z)-nonadec-10-enoate",CCCCCCCC/C=C\CCCCCCCCC(=O)O[C@H]1CC[C@@]2(C)C(=CC[C@H]3[C@@H]4CC[C@H](C(C)CCCOC(=O)N(CCCl)CCCl)C4CC[C@@H]32)C1,C47H79Cl2NO4,,56664834.0,level 2b,75,0.3866,138,0.9787,1,0.5743634,1,0.69472474,1,1,1,0.6136363636363636,Personal care products,1,0
60,2-chloro-N-[4-[(2-chloroacetyl)-hexadecylamino]phenyl]-N-hexadecylacetamide,CCCCCCCCCCCCCCCCN(C(=O)CCl)c1ccc(N(CCCCCCCCCCCCCCCC)C(=O)CCl)cc1,C42H74Cl2N2O2,,118349716.0,level 2b,134,0.6907,72,0.5106,1,0.00140859,0,0.001003883,0,1,0,0.5277777777777778,Transformation and metabolic products,1,1
66,"(4R)-N-[3-(1,2,3,4,4a,5,6,7,8,8a-decahydronaphthalen-2-yl)-1-[(2-chlorocyclohexyl)methyl-methylamino]-1-oxopropan-2-yl]-1-[3-[[ethyl(methyl)amino]methyl]adamantane-1-carbonyl]-4-hydroxypyrrolidine-2-carboxamide",CCN(C)CC12CC3CC(C1)CC(C(=O)N1C[C@H](O)CC1C(=O)NC(CC1CCC4CCCCC4C1)C(=O)N(C)CC1CCCCC1Cl)(C3)C2,C41H67ClN4O4,,145812436.0,level 2b,2,0.0103,141,1.0,1,0.6815649,1,0.5685289,1,1,0,0.2523364485981308,Pharmaceuticals,1,1
80,"pentakis(2,2,2-trichloroethoxy)-lambda5-phosphane",ClC(Cl)(Cl)COP(OCC(Cl)(Cl)Cl)(OCC(Cl)(Cl)Cl)(OCC(Cl)(Cl)Cl)OCC(Cl)(Cl)Cl,C10H10Cl15O5P,,12486606.0,level 2b,4,0.0206,63,0.4468,0,0.9956291,1,0.95381963,1,1,0,0.4444444444444444,Industry and consumer goods,1,1
89,"[4,4,4-trichloro-2-hydroxy-2-(3,4,5-tribromophenyl)butyl] 2,2-dibromoethanesulfonate",O=S(=O)(CC(Br)Br)OCC(O)(CC(Cl)(Cl)Cl)c1cc(Br)c(Br)c(Br)c1,C12H10Br5Cl3O4S,,21540643.0,level 2b,162,0.8351,137,0.9716,0,0.9856428,1,0.99779004,1,1,0,0.2777777777777778,Industry and consumer goods,1,1
99,"4-[[3a-[2-[(2-chlorophenyl)methyl-methylamino]-1-hydroxyethyl]-5b,8,11a-trimethyl-2-oxo-1-propan-2-yl-4,5,5a,6,7,7a,8,9,10,11,11b,12,13,13a-tetradecahydro-3H-cyclopenta[a]chrysen-9-yl]oxy]-2,2-dimethyl-4-oxobutanoic acid",CC(C)C1=C2C3CCC4C(C)(CCC5C(C)C(OC(=O)CC(C)(C)C(=O)O)CCC54C)C3CCC2(C(O)CN(C)Cc2ccccc2Cl)CC1=O,C43H62ClNO6,,145595684.0,level 2b,3,0.0155,34,0.2411,0,0.57671523,1,0.709631,1,1,0,0.2666666666666666,Transformation and metabolic products,1,1
103,"methyl (1S,3R,4S)-3-[(12R,17R,18S,19R)-19-carbamoyloxy-18-chloro-13,14,17-trihydroxy-6,12-dimethyl-15-oxotricosanoyl]oxy-4-hydroxycyclohexane-1-carboxylate",CCCC[C@@H](OC(N)=O)[C@@H](Cl)[C@H](O)CC(=O)C(O)C(O)[C@H](C)CCCCCC(C)CCCCC(=O)O[C@@H]1C[C@@H](C(=O)OC)CC[C@@H]1O,C34H60ClNO11,,11093703.0,level 2b,44,0.2268,23,0.1631,0,4.0570844e-06,0,0.010835674,0,0,0,0.3375,Industry and consumer goods,1,1
135,"1-[3-[4-[[4-[2-[3-[[5-chloro-4-(1H-indol-3-yl)pyrimidin-2-yl]amino]pyrrolidin-1-yl]ethyl]piperazin-1-yl]methyl]piperidin-1-yl]phenyl]pyrimidine-2,4-dione",O=c1ccn(-c2cccc(N3CCC(CN4CCN(CCN5CCC(Nc6ncc(Cl)c(-c7c[nH]c8ccccc78)n6)C5)CC4)CC3)c2)c(=O)[nH]1,C38H45ClN10O2,,169752714.0,level 2b,2,0.0103,18,0.1277,0,4.4250555e-06,0,0.035074994,0,0,0,0.5280898876404494,Pharmaceuticals,1,1
166,"6-[2-chloro-4-(3-methylpyrazin-2-yl)phenyl]-2-methylsulfinyl-8-(pyridin-3-ylmethyl)pyrido[2,3-d]pyrimidin-7-one",Cc1nccnc1-c1ccc(-c2cc3cnc(S(C)=O)nc3n(Cc3cccnc3)c2=O)c(Cl)c1,C25H19ClN6O2S,,89551457.0,level 2b,72,0.3711,122,0.8652,1,0.26146975,0,0.016987473,0,1,0,0.3037974683544304,Industry and consumer goods,1,1
174,"(1R,3aR,5aR,5bR,7aR,9S,11aR,11bR,13aR,13bR)-3a-[2-[2-[4-[(3-chlorophenyl)methyl]piperazin-1-yl]ethylamino]ethyl]-5a,5b,8,8,11a-pentamethyl-1-prop-1-en-2-yl-1,2,3,4,5,6,7,7a,9,10,11,11b,12,13,13a,13b-hexadecahydrocyclopenta[a]chrysen-9-ol",C=C(C)[C@@H]1CC[C@]2(CCNCCN3CCN(Cc4cccc(Cl)c4)CC3)CC[C@]3(C)[C@H](CC[C@@H]4[C@@]5(C)CC[C@H](O)C(C)(C)[C@@H]5CC[C@]43C)[C@@H]12,C44H70ClN3O,,166707869.0,level 3,3,0.0155,86,0.6099,1,0.9297043,1,0.9039149,1,1,0,0.5432098765432098,Industry and consumer goods,1,1
193,"4-O-[3a-[(E)-3-[1-(5-chlorocyclohexa-1,5-dien-1-yl)ethylamino]-3-oxoprop-1-enyl]-5b,8,8,11a-tetramethyl-1-propan-2-yl-3,4,5,5a,6,7,7a,9,10,11,11b,12,13,13a-tetradecahydro-2H-cyclopenta[a]chrysen-9-yl] 1-O-tert-butyl 2,2-dimethylbutanedioate",CC(C)C1=C2C3CCC4C(C)(CCC5C(C)(C)C(OC(=O)CC(C)(C)C(=O)OC(C)(C)C)CCC54C)C3CCC2(/C=C/C(=O)NC(C)C2=CCCC(Cl)=C2)CC1,C49H74ClNO5,,145595830.0,level 3,12,0.0619,117,0.8298,1,0.93496895,1,0.9072591,1,1,0,0.2869565217391304,Pharmaceuticals,1,1
222,[2-[bis(2-chloroethyl)carbamoyloxy]-3-octadec-9-enoyloxypropyl] octadec-9-enoate,CCCCCCCCC=CCCCCCCCC(=O)OCC(COC(=O)CCCCCCCC=CCCCCCCCC)OC(=O)N(CCCl)CCCl,C44H79Cl2NO6,,356948.0,level 3,59,0.3041,105,0.7447,0,1.0092982e-06,0,0.000897311,0,0,0,0.6888888888888889,Pharmaceuticals,1,1
293,"4-[[3a-[2-[[(3E)-4-chloro-2-methylidenehexa-3,5-dienyl]amino]ethyl]-5b,8,11a-trimethyl-2-oxo-1-propan-2-yl-4,5,5a,6,7,7a,8,9,10,11,11b,12,13,13a-tetradecahydro-3H-cyclopenta[a]chrysen-9-yl]oxy]-2,2-dimethyl-4-oxobutanoic acid",C=C/C(Cl)=C\C(=C)CNCCC12CCC3C(CCC4C3(C)CCC3C(C)C(OC(=O)CC(C)(C)C(=O)O)CCC34C)C1=C(C(C)C)C(=O)C2,C42H62ClNO5,,145595516.0,level 3,10,0.0515,72,0.5106,1,0.56592107,1,0.75265837,1,1,0,0.2882882882882883,Pharmaceuticals,1,1
301,"[3-[2-chloro-5-[(3,4,5-trifluorophenyl)carbamoyl]phenyl]sulfanyl-2-methylpropyl] acetate",CC(=O)OCC(C)CSc1cc(C(=O)Nc2cc(F)c(F)c(F)c2)ccc1Cl,C19H17ClF3NO3S,,167246610.0,level 3,1,0.0052,19,0.1348,0,0.42721292,0,0.5542269,1,1,0,0.3559322033898305,Industry and consumer goods,1,1
309,"4-[[3a-[2-[(4-chlorophenyl)methylamino]-1-hydroxyethyl]-5b,8,8,11a-tetramethyl-1-propan-2-yl-3,4,5,5a,6,7,7a,9,10,11,11b,12,13,13a-tetradecahydro-2H-cyclopenta[a]chrysen-9-yl]oxy]-2,2-dimethyl-4-oxobutanoic acid",CC(C)C1=C2C3CCC4C(C)(CCC5C(C)(C)C(OC(=O)CC(C)(C)C(=O)O)CCC54C)C3CCC2(C(O)CNCc2ccc(Cl)cc2)CC1,C43H64ClNO5,,123846393.0,level 3,12,0.0619,62,0.4397,0,0.82880914,1,0.8904599,1,1,0,0.3627450980392157,Pharmaceuticals,1,1
313,"4-[[(3aR,5aR,5bR,7aR,9S,11aR,11bR,13aS)-3a-[2-[(4-chlorophenyl)methyl-methylamino]ethyl]-5a,5b,8,8,11a-pentamethyl-2-oxo-1-propan-2-yl-4,5,6,7,7a,9,10,11,11b,12,13,13a-dodecahydro-3H-cyclopenta[a]chrysen-9-yl]oxy]-2,2-dimethyl-4-oxobutanoic acid",CC(C)C1=C2[C@H]3CC[C@@H]4[C@@]5(C)CC[C@H](OC(=O)CC(C)(C)C(=O)O)C(C)(C)[C@@H]5CC[C@@]4(C)[C@]3(C)CC[C@@]2(CCN(C)Cc2ccc(Cl)cc2)CC1=O,C45H66ClNO5,,71614540.0,level 3,35,0.1804,100,0.7092,0,0.7319327,1,0.76754165,1,1,0,0.4375,Pharmaceuticals,1,1
316,"cis-(1R,3S)-3-[[(3aR,5aR,5bR,7aR,9S,11aR,11bR,13aS)-3a-[2-[(4-chlorophenyl)methylamino]ethyl]-2-hydroxy-5a,5b,8,8,11a-pentamethyl-1-propan-2-yl-2,3,4,5,6,7,7a,9,10,11,11b,12,13,13a-tetradecahydrocyclopenta[a]chrysen-9-yl]oxycarbonyl]-2,2-dimethylcyclobutane-1-carboxylic acid",CC(C)C1=C2[C@H]3CC[C@@H]4[C@@]5(C)CC[C@H](OC(=O)[C@H]6C[C@@H](C(=O)O)C6(C)C)C(C)(C)[C@@H]5CC[C@@]4(C)[C@]3(C)CC[C@@]2(CCNCc2ccc(Cl)cc2)CC1O,C46H68ClNO5,,130199292.0,level 3,93,0.4794,42,0.2979,0,0.8258404,1,0.9038678,1,1,0,0.3113207547169811,Pharmaceuticals,1,1
317,"cis-(1R,3S)-3-[[(3aR,5aR,5bR,7aR,9S,11aR,11bR,13aS)-3a-[(1R)-2-[(3-chlorobenzoyl)amino]-1-hydroxyethyl]-5a,5b,8,8,11a-pentamethyl-2-oxo-1-propan-2-yl-4,5,6,7,7a,9,10,11,11b,12,13,13a-dodecahydro-3H-cyclopenta[a]chrysen-9-yl]oxycarbonyl]-2,2-dimethylcyclobutane-1-carboxylic acid",CC(C)C1=C2[C@H]3CC[C@@H]4[C@@]5(C)CC[C@H](OC(=O)[C@H]6C[C@@H](C(=O)O)C6(C)C)C(C)(C)[C@@H]5CC[C@@]4(C)[C@]3(C)CC[C@@]2([C@@H](O)CNC(=O)c2cccc(Cl)c2)CC1=O,C46H64ClNO7,,134814902.0,level 3,1,0.0052,33,0.234,1,0.569608,1,0.76470876,1,1,0,0.2857142857142857,Pharmaceuticals,1,1
318,"2-[2-[7-bromo-2-(2,2-dimethylpropyl)-2,3,3,4,6,7-hexamethyl-4-(2-methylpropyl)-6-[2-(trimethylazaniumyl)ethoxycarbonyl]octanoyl]oxyethoxy-hydroxyphosphoryl]oxyethyl-trimethylazanium",CC(C)CC(C)(CC(C)(C(=O)OCC[N+](C)(C)C)C(C)(C)Br)C(C)(C)C(C)(CC(C)(C)C)C(=O)OCCOP(=O)(O)OCC[N+](C)(C)C,C36H74BrN2O8P,,123825716.0,level 3,8,0.0412,40,0.2837,0,0.92402804,1,0.042558774,0,1,0,0.352112676056338,Pharmaceuticals,1,1
319,"(3S,4S)-2-[[3-[[(2-chloro-6-fluorophenyl)methyl-[(2S)-1-(dimethylamino)-4-methylpentan-2-yl]amino]methyl]phenyl]methyl]-4-[(1S)-1-hydroxyethyl]-N-[(1S,2S,3S,5R)-2,6,6-trimethyl-3-bicyclo[3.1.1]heptanyl]-1,2-oxazolidine-3-carboxamide",CC(C)C[C@@H](CN(C)C)N(Cc1cccc(CN2OC[C@@H]([C@H](C)O)[C@H]2C(=O)N[C@H]2C[C@H]3C[C@@H]([C@@H]2C)C3(C)C)c1)Cc1c(F)cccc1Cl,C39H58ClFN4O3,,163999738.0,level 3,55,0.2835,85,0.6028,1,0.9150202,1,0.09356347,0,1,0,0.2523364485981308,Pharmaceuticals,1,1
321,"N-[2-chloro-4-[(3,4-dichlorophenyl)sulfamoyl]phenyl]-3,3,3-trifluoro-2-hydroxy-2-methylpropanamide",CC(O)(C(=O)Nc1ccc(S(=O)(=O)Nc2ccc(Cl)c(Cl)c2)cc1Cl)C(F)(F)F,C16H12Cl3F3N2O4S,,17965746.0,level 3,112,0.5773,50,0.3546,0,0.978069,1,0.7039293,1,1,0,0.576271186440678,Pharmaceuticals,1,1
328,"N-[2-[[8-(chloroamino)-4-(ethylamino)octan-2-yl]amino]ethyl]-N-[[1-[2-[2-[(4,4,11,11-tetramethyl-3,5,7,10,12-pentaoxatricyclo[6.4.0.02,6]dodecan-9-yl)oxy]ethoxy]ethyl]triazol-4-yl]methyl]butanamide",CCCC(=O)N(CCNC(C)CC(CCCCNCl)NCC)Cc1cn(CCOCCOC2OC(C)(C)OC3C2OC2OC(C)(C)OC23)nn1,C34H62ClN7O8,,174253460.0,level 3,32,0.1649,91,0.6454,0,0.001487984,0,0.023978218,0,0,0,0.2403846153846154,Transformation and metabolic products,1,1
330,"methyl 4-[(Z)-2-(5-chloro-6-methyl-1H-indazol-4-yl)-1-fluoroethenyl]-6-[2-ethoxyethyl(ethyl)amino]-2-[[1-[2-(hydroxymethyl)pentyl]-3,4,5,6,7,7a-hexahydro-2H-cyclopenta[b]pyridin-4a-yl]methoxy]-N-methylpyrimidine-5-carboximidate",CCCC(CO)CN1CCCC2(COc3nc(/C(F)=C/c4c(Cl)c(C)cc5[nH]ncc45)c(C(=NC)OC)c(N(CC)CCOCC)n3)CCCC12,C38H55ClFN7O4,,176662652.0,level 3,6,0.0309,52,0.3688,1,0.006587162,0,0.014792752,0,1,0,0.2112676056338028,Industry and consumer goods,1,1
333,heptadecan-9-yl 8-[3-[(6-chloro-3-pyridinyl)methylsulfanylamino]propyl-(8-oxooctyl)amino]octanoate,CCCCCCCCC(CCCCCCCC)OC(=O)CCCCCCCN(CCCCCCCC=O)CCCNSCc1ccc(Cl)nc1,C42H76ClN3O3S,,156709968.0,level 3,5,0.0258,66,0.4681,0,2.4175744e-05,0,0.000108176,0,0,0,0.3947368421052631,Industry and consumer goods,1,1
338,"(3'R,4S,4'S,5'R,6'R)-3',4',5'-tributoxy-6'-(butoxymethyl)-7-chloro-6-[(4-ethylphenyl)methyl]spiro[2,3-dihydrochromene-4,2'-oxane]-2-ol",CCCCOC[C@H]1O[C@]2(CC(O)Oc3cc(Cl)c(Cc4ccc(CC)cc4)cc32)[C@H](OCCCC)[C@@H](OCCCC)[C@@H]1OCCCC,C39H59ClO7,,70855588.0,level 3,14,0.0722,29,0.2057,1,0.94478554,1,0.70974183,1,1,0,0.3214285714285714,Industry and consumer goods,1,1
340,"4-[4-[(2S)-2-[[5-(benzylamino)-5-oxopentanoyl]amino]-2-[1-butyl-4-(2,4-dichlorophenyl)imidazol-2-yl]ethyl]phenoxy]benzoic acid",CCCCn1cc(-c2ccc(Cl)cc2Cl)nc1[C@H](Cc1ccc(Oc2ccc(C(=O)O)cc2)cc1)NC(=O)CCCC(=O)NCc1ccccc1,C40H40Cl2N4O5,,60113671.0,level 3,7,0.0361,22,0.156,1,0.7909109,1,0.9768919,1,1,0,0.348314606741573,Transformation and metabolic products,1,1
342,"3-(4-chloro-2-propylphenyl)-5-[[2-[2-(8-methyl-3,4,6,7,9,9a-hexahydro-1H-pyrazino[1,2-a]pyrazin-2-yl)ethyl]cyclobutyl]methyl]-N-(3-methylhexan-2-ylsulfinyl)-3,4-dihydro-2H-1,5-benzoxazepine-7-carboxamide",CCCc1cc(Cl)ccc1C1COc2ccc(C(=O)NS(=O)C(C)C(C)CCC)cc2N(CC2CCC2CCN2CCN3CCN(C)CC3C2)C1,C41H62ClN5O3S,,142537622.0,level 3,25,0.1289,29,0.2057,0,0.12603015,0,0.6420882,1,1,0,0.2868217054263566,Pharmaceuticals,1,1
345,"(13E)-12-[(4-tert-butylpiperazin-1-yl)methyl]-4-(4-chloro-2-propylphenyl)-6,16,17-trimethyl-18-oxo-2-oxa-18lambda4-thia-6,19-diazatricyclo[19.2.2.08,11]pentacosa-1(24),13,21(25),22-tetraen-20-one",CCCc1cc(Cl)ccc1C1COc2ccc(cc2)C(=O)NS(=O)C(C)C(C)C/C=C/C(CN2CCN(C(C)(C)C)CC2)C2CCC2CN(C)C1,C42H63ClN4O3S,,142443756.0,level 3,6,0.0309,32,0.227,1,0.9629199,1,0.8385698,1,1,0,0.2336448598130841,Pharmaceuticals,1,1
348,"4-[[3a-[2-[(3-chlorophenyl)methyl-ethylamino]ethyl]-5b,11a-dimethyl-2-oxo-1-propan-2-yl-4,5,5a,6,7,7a,8,9,10,11,11b,12,13,13a-tetradecahydro-3H-cyclopenta[a]chrysen-9-yl]oxy]-2,2-dimethyl-4-oxobutanoic acid",CCN(CCC12CCC3C(CCC4C5(C)CCC(OC(=O)CC(C)(C)C(=O)O)CC5CCC34C)C1=C(C(C)C)C(=O)C2)Cc1cccc(Cl)c1,C43H62ClNO5,,145595774.0,level 3,86,0.4433,112,0.7943,0,0.6244493,1,0.7088214,1,1,0,0.2719298245614035,Industry and consumer goods,1,1
357,"ethyl 2-[(15S,18S)-12-chloro-13,20-difluoro-15-[5-[2-(3-fluoroazetidin-1-yl)ethyl]-2-oxo-4-(trifluoromethyl)-1-pyridinyl]-3,21-dimethyl-16-oxo-8-oxa-17-azatetracyclo[17.3.1.110,14.02,7]tetracosa-1(23),2,4,6,10(24),11,13,19,21-nonaen-18-yl]acetate",CCOC(=O)C[C@@H]1NC(=O)[C@@H](n2cc(CCN3CC(F)C3)c(C(F)(F)F)cc2=O)c2cc(cc(Cl)c2F)COc2cccc(C)c2-c2cc(C)c(F)c1c2,C39H36ClF6N3O5,,171826326.0,level 3,1,0.0052,97,0.6879,1,0.94046557,1,0.008623195,0,1,0,0.2604166666666667,Industry and consumer goods,1,1
363,"(5E)-3-(3-bromophenyl)-5-[[3-ethoxy-4-[2-nitro-4-(trifluoromethyl)phenoxy]phenyl]methylidene]-2-sulfanylidene-1,3-thiazolidin-4-one",CCOc1cc(/C=C2/SC(=S)N(c3cccc(Br)c3)C2=O)ccc1Oc1ccc(C(F)(F)F)cc1[N+](=O)[O-],C25H16BrF3N2O5S2,,126203770.0,level 3,1,0.0052,50,0.3546,1,0.967108,1,0.83055717,1,1,0,0.4615384615384615,Industry and consumer goods,1,1
368,"(2S)-2-[[(2S)-1-[(2S)-2-[[(2S,3S)-2-[[(2R,3R)-3-amino-10-chloro-2-hydroxydecanoyl]amino]-3-methylpentanoyl]-methylamino]-4-methylpentanoyl]pyrrolidine-2-carbonyl]amino]-3-(4-hydroxyphenyl)propanoic acid",CC[C@H](C)[C@H](NC(=O)[C@H](O)[C@H](N)CCCCCCCCl)C(=O)N(C)[C@@H](CC(C)C)C(=O)N1CCC[C@H]1C(=O)N[C@@H](Cc1ccc(O)cc1)C(=O)O,C37H60ClN5O8,,10485138.0,level 3,34,0.1753,37,0.2624,0,9.542844e-06,0,0.000720298,0,0,0,0.5,Industry and consumer goods,1,1
375,"1-[2,6-dichloro-4-(trifluoromethyl)phenyl]-5-[methyl(2-methylsulfonylethyl)amino]-4-(trifluoromethylsulfonyl)pyrazole-3-carbonitrile",CN(CCS(C)(=O)=O)c1c(S(=O)(=O)C(F)(F)F)c(C#N)nn1-c1c(Cl)cc(C(F)(F)F)cc1Cl,C16H12Cl2F6N4O4S2,,91491773.0,level 3,13,0.067,57,0.4043,0,0.000991275,0,0.080562286,0,0,0,0.6440677966101694,Pesticides,1,1
405,"[(1S,2R,3S,5S,7R,16E,18E,20R,21S)-11-chloro-21-hydroxy-12,20-dimethoxy-2,5,9,16-tetramethyl-8,23-dioxo-4,24-dioxa-22-azatetracyclo[19.3.1.110,14.03,5]hexacosa-10,12,14(26),16,18-pentaen-7-yl] (2S)-2-[methyl-(2-sulfanylacetyl)amino]propanoate",COc1cc2cc(c1Cl)C(C)C(=O)[C@H](OC(=O)[C@H](C)N(C)C(=O)CS)C[C@]1(C)O[C@H]1[C@H](C)[C@@H]1C[C@@](O)(NC(=O)O1)[C@H](OC)/C=C/C=C(\C)C2,C35H47ClN2O10S,,172516721.0,level 3,1,0.0052,39,0.2766,0,0.043408554,0,0.000437895,0,0,0,0.6509433962264151,Industry and consumer goods,1,1
409,[3-(4-bromophenyl)-3-(3-cyclopentyloxy-4-methoxyphenyl)oxiran-2-yl]-trimethylsilane,COc1ccc(C2(c3ccc(Br)cc3)OC2[Si](C)(C)C)cc1OC1CCCC1,C23H29BrO3Si,,23563767.0,level 3,1,0.0052,75,0.5319,1,0.9453738,1,0.9736797,1,1,0,0.45,Industry and consumer goods,1,1
423,"(3S,4R,5R)-2-[[3-[[(2-chloro-6-fluorophenyl)methyl-[(2S)-1-(dimethylamino)-4,4-dimethylpentan-2-yl]amino]methyl]phenyl]methyl]-4-[(1S)-1-hydroxyethyl]-5-(hydroxymethyl)-N-[(1S,2S,3S,5R)-2,3,4,4,5-pentamethylcyclohexyl]-1,2-oxazolidine-3-carboxamide",C[C@@H]1[C@@H](NC(=O)[C@@H]2[C@H]([C@H](C)O)[C@H](CO)ON2Cc2cccc(CN(Cc3c(F)cccc3Cl)[C@H](CN(C)C)CC(C)(C)C)c2)C[C@@H](C)C(C)(C)[C@H]1C,C42H66ClFN4O4,,89615249.0,level 3,105,0.5412,91,0.6454,1,0.9132104,1,0.16436806,0,1,0,0.2377049180327868,Transformation and metabolic products,1,1
424,2-[[6-chloro-2-methylsulfonyl-5-(2-phenylethynyl)benzimidazol-1-yl]methoxy]ethyl-trimethylsilane,C[Si](C)(C)CCOCn1c(S(C)(=O)=O)nc2cc(C#Cc3ccccc3)c(Cl)cc21,C22H25ClN2O3SSi,,58387189.0,level 3,1,0.0052,46,0.3262,0,0.94002426,1,0.9776192,1,1,0,0.2898550724637681,Transformation and metabolic products,1,1
428,1-[[5-chloro-2-(2-chloro-4-fluorophenyl)-1-benzofuran-7-yl]methyl]-5-methyl-N-morpholin-4-ylpyrazole-3-carboxamide,Cc1cc(C(=O)NN2CCOCC2)nn1Cc1cc(Cl)cc2cc(-c3ccc(F)cc3Cl)oc12,C24H21Cl2FN4O3,,25007721.0,level 3,21,0.1082,65,0.461,0,0.41563356,0,0.8808272,1,1,0,0.348314606741573,Industry and consumer goods,1,1
447,"2-amino-1-(4-bromo-2-fluorophenyl)-4-(5-nitrothiophen-2-yl)-5-oxo-4,6,7,8-tetrahydroquinoline-3-carbonitrile",N#CC1=C(N)N(c2ccc(Br)cc2F)C2=C(C(=O)CCC2)C1c1ccc([N+](=O)[O-])s1,C20H14BrFN4O3S,,5302162.0,level 3,3,0.0155,57,0.4043,0,0.015937278,0,0.022451958,0,0,0,0.2857142857142857,Transformation and metabolic products,1,1
449,"2-[6-chloro-3-(2,4-difluorophenyl)-4-oxoquinazolin-2-yl]sulfanyl-N-(3-cyanothiophen-2-yl)acetamide",N#Cc1ccsc1NC(=O)CSc1nc2ccc(Cl)cc2c(=O)n1-c1ccc(F)cc1F,C21H11ClF2N4O2S2,,41148359.0,level 3,3,0.0155,33,0.234,0,0.03796085,0,2.7583603e-05,0,0,0,0.3875,Pesticides,1,1
462,"(2,4,6-triiodophenyl) 3,4-dibromo-2,2,3,4,4-pentafluorobutanoate",O=C(Oc1c(I)cc(I)cc1I)C(F)(F)C(F)(Br)C(F)(F)Br,C10H2Br2F5I3O2,,14533541.0,level 3,124,0.6392,42,0.2979,1,0.9932763,1,0.99304986,1,1,0,0.4705882352941176,Industry and consumer goods,1,1
467,"2,6-dibromo-4-[3,5-dibromo-4-(1,4-dibromobutoxy)phenyl]sulfonylphenol",O=S(=O)(c1cc(Br)c(O)c(Br)c1)c1cc(Br)c(OC(Br)CCCBr)c(Br)c1,C16H12Br6O4S,,4151132.0,level 3,193,0.9948,69,0.4894,1,0.99049383,1,0.9992222,1,1,0,0.5277777777777778,Industry and consumer goods,1,1
468,"2,6-dibromo-4-[3,5-dibromo-4-(2,3-dibromopropoxy)phenyl]sulfonylphenol",O=S(=O)(c1cc(Br)c(O)c(Br)c1)c1cc(Br)c(OCC(Br)CBr)c(Br)c1,C15H10Br6O4S,,4098537.0,level 3,1,0.0052,70,0.4965,1,0.98916686,1,0.99917275,1,1,0,0.8571428571428571,Industry and consumer goods,1,1
476,"N-[4-(3-chloropentan-3-yl)-6-morpholin-4-yl-1,3,5-triazin-2-yl]-N,N'-bis(1,2,2,6,6-pentamethylpiperidin-4-yl)-N'-pentan-3-ylhexane-1,6-diamine",CCC(CC)N(CCCCCCN(c1nc(N2CCOCC2)nc(C(Cl)(CC)CC)n1)C1CC(C)(C)N(C)C(C)(C)C1)C1CC(C)(C)N(C)C(C)(C)C1,C43H81ClN8O,,67990433.0,level 3,41,0.2113,33,0.234,1,0.03294978,0,0.20280184,0,1,0,0.4927536231884058,Industry and consumer goods,1,1
533,"[2-amino-6-[(2,4-dichlorophenyl)carbamothioylamino]-4-fluorophenyl] N-tert-butyl-N-(3-hydroxypropyl)carbamate",CC(C)(C)N(CCCO)C(=O)Oc1c(N)cc(F)cc1NC(=S)Nc1ccc(Cl)cc1Cl,C21H25Cl2FN4O3S,,90733854.0,level 3,23,0.1186,68,0.4823,0,0.9636614,1,0.84925663,1,1,0,0.3582089552238806,Industry and consumer goods,1,1
