fpr,tpr
0.0,0.0
0.0,0.0011933174224343676
0.0,0.021479713603818614
0.0,0.02386634844868735
0.0,0.029832935560859187
0.0,0.032219570405727926
0.0,0.034606205250596656
0.0,0.03937947494033413
0.0,0.050119331742243436
0.0,0.05489260143198091
0.0,0.06205250596658711
0.0,0.07159904534606205
0.0,0.07875894988066826
0.0,0.081145584725537
0.0,0.08591885441527446
0.0,0.0883054892601432
0.0,0.09307875894988067
0.000946969696969697,0.09307875894988067
0.000946969696969697,0.0954653937947494
0.000946969696969697,0.09785202863961814
0.000946969696969697,0.1026252983293556
0.000946969696969697,0.10501193317422435
0.000946969696969697,0.10739856801909307
0.000946969696969697,0.11097852028639618
0.000946969696969697,0.11217183770883055
0.0014204545454545455,0.11217183770883055
0.0014204545454545455,0.11455847255369929
0.0014204545454545455,0.11813842482100238
0.001893939393939394,0.11813842482100238
0.001893939393939394,0.11933174224343675
0.001893939393939394,0.12171837708830549
0.001893939393939394,0.1288782816229117
0.0023674242424242425,0.1288782816229117
0.0023674242424242425,0.13723150357995226
0.002840909090909091,0.13723150357995226
0.002840909090909091,0.13961813842482101
0.002840909090909091,0.14081145584725538
0.002840909090909091,0.15035799522673032
0.002840909090909091,0.15871121718377088
0.0033143939393939395,0.15871121718377088
0.0033143939393939395,0.16825775656324582
0.003787878787878788,0.16825775656324582
0.003787878787878788,0.17422434367541767
0.004261363636363636,0.17422434367541767
0.004261363636363636,0.1766109785202864
0.004734848484848485,0.1766109785202864
0.004734848484848485,0.17780429594272076
0.005208333333333333,0.17780429594272076
0.005208333333333333,0.19212410501193317
0.005681818181818182,0.19212410501193317
0.007575757575757576,0.19212410501193317
0.008049242424242424,0.19212410501193317
0.008996212121212122,0.19212410501193317
0.008996212121212122,0.19928400954653938
0.008996212121212122,0.2016706443914081
0.008996212121212122,0.20883054892601433
0.008996212121212122,0.21121718377088305
0.008996212121212122,0.21360381861575178
0.00946969696969697,0.21360381861575178
0.00946969696969697,0.21479713603818615
0.009943181818181818,0.21479713603818615
0.009943181818181818,0.2171837708830549
0.010416666666666666,0.2171837708830549
0.010416666666666666,0.22195704057279236
0.010416666666666666,0.2243436754176611
0.010890151515151516,0.2243436754176611
0.010890151515151516,0.23031026252983294
0.01278409090909091,0.23031026252983294
0.01278409090909091,0.23389021479713604
0.01278409090909091,0.2386634844868735
0.01278409090909091,0.24343675417661098
0.01278409090909091,0.24821002386634844
0.01278409090909091,0.25178997613365156
0.01278409090909091,0.2541766109785203
0.01278409090909091,0.2553699284009546
0.013257575757575758,0.2553699284009546
0.015151515151515152,0.2553699284009546
0.015151515151515152,0.2613365155131265
0.015625,0.2613365155131265
0.015625,0.2637231503579952
0.016571969696969696,0.2637231503579952
0.016571969696969696,0.2649164677804296
0.01893939393939394,0.2649164677804296
0.01893939393939394,0.2744630071599045
0.01893939393939394,0.27684964200477324
0.019412878787878788,0.27684964200477324
0.019412878787878788,0.28162291169451076
0.019886363636363636,0.28162291169451076
0.019886363636363636,0.2840095465393795
0.019886363636363636,0.2863961813842482
0.019886363636363636,0.2935560859188544
0.020359848484848484,0.2935560859188544
0.020359848484848484,0.29594272076372313
0.020359848484848484,0.29952267303102625
0.020833333333333332,0.29952267303102625
0.020833333333333332,0.3031026252983294
0.020833333333333332,0.30787589498806683
0.02130681818181818,0.30787589498806683
0.02130681818181818,0.30906921241050117
0.02130681818181818,0.31145584725536996
0.02130681818181818,0.3126491646778043
0.021780303030303032,0.3126491646778043
0.021780303030303032,0.315035799522673
0.02225378787878788,0.315035799522673
0.02225378787878788,0.3162291169451074
0.023200757575757576,0.3162291169451074
0.023200757575757576,0.3198090692124105
0.023200757575757576,0.3221957040572792
0.023200757575757576,0.3233890214797136
0.024147727272727272,0.3233890214797136
0.024147727272727272,0.33651551312649164
0.024147727272727272,0.33890214797136037
0.024147727272727272,0.3412887828162291
0.02556818181818182,0.3412887828162291
0.02556818181818182,0.3424821002386635
0.026041666666666668,0.3424821002386635
0.026041666666666668,0.3436754176610978
0.026515151515151516,0.3436754176610978
0.026515151515151516,0.3460620525059666
0.026515151515151516,0.34844868735083534
0.027462121212121212,0.34844868735083534
0.027462121212121212,0.35441527446300713
0.028409090909090908,0.35441527446300713
0.028409090909090908,0.360381861575179
0.028882575757575756,0.360381861575179
0.028882575757575756,0.3627684964200477
0.029356060606060608,0.3627684964200477
0.029356060606060608,0.36754176610978523
0.029356060606060608,0.3723150357995227
0.030303030303030304,0.3723150357995227
0.03125,0.3723150357995227
0.03125,0.37589498806682575
0.03172348484848485,0.37589498806682575
0.03172348484848485,0.37708830548926014
0.032670454545454544,0.37708830548926014
0.032670454545454544,0.3854415274463007
0.03314393939393939,0.3854415274463007
0.03314393939393939,0.38782816229116945
0.03314393939393939,0.38902147971360385
0.03314393939393939,0.3914081145584726
0.03361742424242424,0.3914081145584726
0.03361742424242424,0.4009546539379475
0.034564393939393936,0.4009546539379475
0.034564393939393936,0.4021479713603819
0.035037878787878785,0.4021479713603819
0.035037878787878785,0.4033412887828162
0.03551136363636364,0.4033412887828162
0.03551136363636364,0.4081145584725537
0.03551136363636364,0.40930787589498807
0.036458333333333336,0.40930787589498807
0.036458333333333336,0.4116945107398568
0.03740530303030303,0.4116945107398568
0.03740530303030303,0.4128878281622912
0.03835227272727273,0.4128878281622912
0.03835227272727273,0.4152744630071599
0.03835227272727273,0.418854415274463
0.038825757575757576,0.418854415274463
0.038825757575757576,0.4212410501193317
0.039299242424242424,0.4212410501193317
0.039299242424242424,0.42601431980906923
0.04024621212121212,0.42601431980906923
0.04024621212121212,0.4295942720763723
0.041193181818181816,0.4295942720763723
0.041193181818181816,0.43675417661097854
0.041666666666666664,0.43675417661097854
0.041666666666666664,0.43914081145584727
0.041666666666666664,0.441527446300716
0.041666666666666664,0.44272076372315033
0.043560606060606064,0.44272076372315033
0.04403409090909091,0.44272076372315033
0.04403409090909091,0.4451073985680191
0.045454545454545456,0.4451073985680191
0.045454545454545456,0.4486873508353222
0.045454545454545456,0.4510739856801909
0.04640151515151515,0.4510739856801909
0.04640151515151515,0.4522673031026253
0.046875,0.4522673031026253
0.047821969696969696,0.4522673031026253
0.048295454545454544,0.4522673031026253
0.048295454545454544,0.45465393794749404
0.048295454545454544,0.4785202863961814
0.048295454545454544,0.4821002386634845
0.048295454545454544,0.48329355608591884
0.04876893939393939,0.48329355608591884
0.04876893939393939,0.48568019093078757
0.04924242424242424,0.48568019093078757
0.04924242424242424,0.4880668257756563
0.05350378787878788,0.4880668257756563
0.054450757575757576,0.4880668257756563
0.054450757575757576,0.4892601431980907
0.05539772727272727,0.4892601431980907
0.05539772727272727,0.4916467780429594
0.05539772727272727,0.49403341288782815
0.05539772727272727,0.49522673031026254
0.05587121212121212,0.49522673031026254
0.05587121212121212,0.4964200477326969
0.05634469696969697,0.4964200477326969
0.05634469696969697,0.5
0.057291666666666664,0.5
0.057291666666666664,0.5011933174224343
0.05776515151515151,0.5011933174224343
0.05776515151515151,0.5023866348448688
0.05776515151515151,0.5071599045346062
0.05776515151515151,0.5107398568019093
0.058712121212121215,0.5107398568019093
0.058712121212121215,0.513126491646778
0.05965909090909091,0.513126491646778
0.05965909090909091,0.5167064439140812
0.06060606060606061,0.5167064439140812
0.06060606060606061,0.522673031026253
0.061079545454545456,0.522673031026253
0.061079545454545456,0.5238663484486874
0.061553030303030304,0.5238663484486874
0.061553030303030304,0.5250596658711217
0.06202651515151515,0.5250596658711217
0.06202651515151515,0.5298329355608592
0.0625,0.5298329355608592
0.0625,0.5381861575178998
0.06297348484848485,0.5381861575178998
0.06297348484848485,0.5417661097852029
0.06439393939393939,0.5417661097852029
0.06439393939393939,0.5429594272076372
0.06534090909090909,0.5429594272076372
0.06534090909090909,0.545346062052506
0.06723484848484848,0.545346062052506
0.06723484848484848,0.5465393794749404
0.06770833333333333,0.5465393794749404
0.06770833333333333,0.5477326968973747
0.06818181818181818,0.5477326968973747
0.06818181818181818,0.5525059665871122
0.06865530303030302,0.5525059665871122
0.06865530303030302,0.5548926014319809
0.06960227272727272,0.5548926014319809
0.06960227272727272,0.5584725536992841
0.07007575757575757,0.5584725536992841
0.07007575757575757,0.5608591885441527
0.07054924242424243,0.5608591885441527
0.07054924242424243,0.5620525059665871
0.07054924242424243,0.5644391408114559
0.07054924242424243,0.5668257756563246
0.07196969696969698,0.5668257756563246
0.07196969696969698,0.5692124105011933
0.07291666666666667,0.5692124105011933
0.07291666666666667,0.5727923627684964
0.07291666666666667,0.5751789976133651
0.07291666666666667,0.5763723150357996
0.07339015151515152,0.5763723150357996
0.07339015151515152,0.5775656324582339
0.07386363636363637,0.5775656324582339
0.07386363636363637,0.5799522673031027
0.07481060606060606,0.5799522673031027
0.07481060606060606,0.5847255369928401
0.07528409090909091,0.5847255369928401
0.07528409090909091,0.5859188544152745
0.07575757575757576,0.5859188544152745
0.07575757575757576,0.5883054892601431
0.0771780303030303,0.5883054892601431
0.0771780303030303,0.5894988066825776
0.078125,0.5894988066825776
0.078125,0.5990453460620525
0.07859848484848485,0.5990453460620525
0.07859848484848485,0.6014319809069213
0.07954545454545454,0.6014319809069213
0.08001893939393939,0.6014319809069213
0.08096590909090909,0.6014319809069213
0.08191287878787878,0.6014319809069213
0.08191287878787878,0.6026252983293556
0.08285984848484848,0.6026252983293556
0.08285984848484848,0.6073985680190931
0.08380681818181818,0.6073985680190931
0.08380681818181818,0.6085918854415274
0.08475378787878787,0.6085918854415274
0.08475378787878787,0.6097852028639618
0.08617424242424243,0.6097852028639618
0.08617424242424243,0.616945107398568
0.08664772727272728,0.616945107398568
0.08664772727272728,0.6181384248210023
0.08759469696969698,0.6181384248210023
0.08948863636363637,0.6181384248210023
0.08948863636363637,0.6205250596658711
0.09043560606060606,0.6205250596658711
0.09043560606060606,0.6217183770883055
0.09090909090909091,0.6217183770883055
0.09090909090909091,0.6229116945107399
0.09185606060606061,0.6229116945107399
0.0928030303030303,0.6229116945107399
0.0928030303030303,0.6241050119331742
0.09375,0.6241050119331742
0.09375,0.6276849642004774
0.09422348484848485,0.6276849642004774
0.09422348484848485,0.6288782816229117
0.09517045454545454,0.6288782816229117
0.09517045454545454,0.630071599045346
0.09659090909090909,0.630071599045346
0.09659090909090909,0.6324582338902148
0.09753787878787878,0.6324582338902148
0.09753787878787878,0.6372315035799523
0.09943181818181818,0.6372315035799523
0.09990530303030302,0.6372315035799523
0.09990530303030302,0.6443914081145584
0.09990530303030302,0.6455847255369929
0.10037878787878787,0.6455847255369929
0.10037878787878787,0.6467780429594272
0.10085227272727272,0.6467780429594272
0.10085227272727272,0.6515513126491647
0.10132575757575757,0.6515513126491647
0.10132575757575757,0.6539379474940334
0.10132575757575757,0.6551312649164678
0.10369318181818182,0.6551312649164678
0.10369318181818182,0.6563245823389021
0.10416666666666667,0.6563245823389021
0.10416666666666667,0.6575178997613366
0.10558712121212122,0.6575178997613366
0.10558712121212122,0.6587112171837709
0.10653409090909091,0.6587112171837709
0.10653409090909091,0.6610978520286396
0.10653409090909091,0.6634844868735084
0.10653409090909091,0.6646778042959427
0.11221590909090909,0.6646778042959427
0.11221590909090909,0.665871121718377
0.11221590909090909,0.6682577565632458
0.11316287878787878,0.6682577565632458
0.11316287878787878,0.6706443914081146
0.11363636363636363,0.6706443914081146
0.11363636363636363,0.6718377088305489
0.11410984848484848,0.6718377088305489
0.11410984848484848,0.6742243436754176
0.11553030303030302,0.6742243436754176
0.11647727272727272,0.6742243436754176
0.11647727272727272,0.6754176610978521
0.11695075757575757,0.6754176610978521
0.11695075757575757,0.6766109785202864
0.11789772727272728,0.6766109785202864
0.11789772727272728,0.6813842482100239
0.11837121212121213,0.6813842482100239
0.11837121212121213,0.6837708830548926
0.11837121212121213,0.6873508353221957
0.12073863636363637,0.6873508353221957
0.12073863636363637,0.6885441527446301
0.12168560606060606,0.6885441527446301
0.12168560606060606,0.6897374701670644
0.12263257575757576,0.6897374701670644
0.12357954545454546,0.6897374701670644
0.12357954545454546,0.6921241050119332
0.125,0.6921241050119332
0.125,0.6933174224343676
0.12547348484848486,0.6933174224343676
0.12547348484848486,0.6945107398568019
0.12642045454545456,0.6945107398568019
0.12642045454545456,0.6957040572792362
0.1268939393939394,0.6957040572792362
0.1268939393939394,0.698090692124105
0.1278409090909091,0.698090692124105
0.1278409090909091,0.6992840095465394
0.12831439393939395,0.6992840095465394
0.12831439393939395,0.7016706443914081
0.12926136363636365,0.7016706443914081
0.12926136363636365,0.7064439140811456
0.12973484848484848,0.7064439140811456
0.12973484848484848,0.7076372315035799
0.13115530303030304,0.7076372315035799
0.13115530303030304,0.7136038186157518
0.13210227272727273,0.7136038186157518
0.13399621212121213,0.7136038186157518
0.13399621212121213,0.7147971360381862
0.13446969696969696,0.7147971360381862
0.13446969696969696,0.7159904534606205
0.13494318181818182,0.7159904534606205
0.13589015151515152,0.7159904534606205
0.13589015151515152,0.7171837708830548
0.13636363636363635,0.7171837708830548
0.13731060606060605,0.7171837708830548
0.13825757575757575,0.7171837708830548
0.13825757575757575,0.7183770883054893
0.1387310606060606,0.7183770883054893
0.1387310606060606,0.7219570405727923
0.13920454545454544,0.7219570405727923
0.13920454545454544,0.7267303102625299
0.14015151515151514,0.7267303102625299
0.14015151515151514,0.7279236276849642
0.14109848484848486,0.7279236276849642
0.14109848484848486,0.7291169451073986
0.14204545454545456,0.7291169451073986
0.14204545454545456,0.7315035799522673
0.1434659090909091,0.7315035799522673
0.1434659090909091,0.7326968973747017
0.14678030303030304,0.7326968973747017
0.14678030303030304,0.733890214797136
0.14867424242424243,0.733890214797136
0.14867424242424243,0.7362768496420048
0.14914772727272727,0.7362768496420048
0.14914772727272727,0.7374701670644391
0.14914772727272727,0.7398568019093079
0.14962121212121213,0.7398568019093079
0.14962121212121213,0.7410501193317423
0.15104166666666666,0.7410501193317423
0.15104166666666666,0.7422434367541766
0.15198863636363635,0.7422434367541766
0.15198863636363635,0.7446300715990454
0.15293560606060605,0.7446300715990454
0.15293560606060605,0.7458233890214797
0.1534090909090909,0.7458233890214797
0.1534090909090909,0.747016706443914
0.1543560606060606,0.747016706443914
0.1543560606060606,0.7517899761336515
0.1553030303030303,0.7517899761336515
0.1553030303030303,0.752983293556086
0.15767045454545456,0.752983293556086
0.15767045454545456,0.7541766109785203
0.1581439393939394,0.7541766109785203
0.1590909090909091,0.7541766109785203
0.16051136363636365,0.7541766109785203
0.16098484848484848,0.7541766109785203
0.16098484848484848,0.7553699284009546
0.16145833333333334,0.7553699284009546
0.16145833333333334,0.7565632458233891
0.16193181818181818,0.7565632458233891
0.16193181818181818,0.7577565632458234
0.16240530303030304,0.7577565632458234
0.16240530303030304,0.7637231503579952
0.16287878787878787,0.7637231503579952
0.16287878787878787,0.7649164677804295
0.16335227272727273,0.7649164677804295
0.16429924242424243,0.7649164677804295
0.16524621212121213,0.7649164677804295
0.16524621212121213,0.766109785202864
0.16666666666666666,0.766109785202864
0.16666666666666666,0.7684964200477327
0.16714015151515152,0.7684964200477327
0.16714015151515152,0.7708830548926014
0.16808712121212122,0.7708830548926014
0.16808712121212122,0.7780429594272077
0.1690340909090909,0.7780429594272077
0.1690340909090909,0.7899761336515513
0.16950757575757575,0.7899761336515513
0.17045454545454544,0.7899761336515513
0.171875,0.7899761336515513
0.171875,0.7911694510739857
0.17424242424242425,0.7911694510739857
0.17518939393939395,0.7911694510739857
0.17613636363636365,0.7911694510739857
0.17708333333333334,0.7911694510739857
0.17850378787878787,0.7911694510739857
0.17850378787878787,0.7923627684964201
0.17992424242424243,0.7923627684964201
0.18087121212121213,0.7923627684964201
0.18134469696969696,0.7923627684964201
0.18134469696969696,0.7935560859188544
0.18276515151515152,0.7935560859188544
0.18276515151515152,0.7947494033412887
0.18323863636363635,0.7947494033412887
0.18323863636363635,0.7959427207637232
0.1846590909090909,0.7959427207637232
0.1846590909090909,0.7971360381861575
0.18607954545454544,0.7971360381861575
0.18607954545454544,0.8042959427207638
0.1875,0.8042959427207638
0.1884469696969697,0.8042959427207638
0.1893939393939394,0.8042959427207638
0.1893939393939394,0.8066825775656324
0.19081439393939395,0.8066825775656324
0.19318181818181818,0.8066825775656324
0.19412878787878787,0.8066825775656324
0.19412878787878787,0.8078758949880668
0.19460227272727273,0.8078758949880668
0.19460227272727273,0.8090692124105012
0.19554924242424243,0.8090692124105012
0.19554924242424243,0.8114558472553699
0.19744318181818182,0.8114558472553699
0.19791666666666666,0.8114558472553699
0.19791666666666666,0.8126491646778043
0.19839015151515152,0.8126491646778043
0.19933712121212122,0.8126491646778043
0.19981060606060605,0.8126491646778043
0.19981060606060605,0.815035799522673
0.19981060606060605,0.8174224343675418
0.20170454545454544,0.8174224343675418
0.20170454545454544,0.8186157517899761
0.2040719696969697,0.8186157517899761
0.2040719696969697,0.8198090692124105
0.20454545454545456,0.8198090692124105
0.20549242424242425,0.8198090692124105
0.20691287878787878,0.8198090692124105
0.20928030303030304,0.8198090692124105
0.20928030303030304,0.8210023866348448
0.21117424242424243,0.8210023866348448
0.21117424242424243,0.8221957040572793
0.21164772727272727,0.8221957040572793
0.21164772727272727,0.8233890214797136
0.21259469696969696,0.8233890214797136
0.21259469696969696,0.8245823389021479
0.21354166666666666,0.8245823389021479
0.21543560606060605,0.8245823389021479
0.21638257575757575,0.8245823389021479
0.21732954545454544,0.8245823389021479
0.21732954545454544,0.8257756563245824
0.21827651515151514,0.8257756563245824
0.22017045454545456,0.8257756563245824
0.2206439393939394,0.8257756563245824
0.2206439393939394,0.8269689737470167
0.22111742424242425,0.8269689737470167
0.22111742424242425,0.8281622911694511
0.2215909090909091,0.8281622911694511
0.2215909090909091,0.8293556085918854
0.2215909090909091,0.8317422434367542
0.22253787878787878,0.8317422434367542
0.22253787878787878,0.8329355608591885
0.22301136363636365,0.8329355608591885
0.22301136363636365,0.834128878281623
0.22395833333333334,0.834128878281623
0.22632575757575757,0.834128878281623
0.22821969696969696,0.834128878281623
0.22916666666666666,0.834128878281623
0.22916666666666666,0.8353221957040573
0.23058712121212122,0.8353221957040573
0.23058712121212122,0.837708830548926
0.23200757575757575,0.837708830548926
0.23200757575757575,0.8389021479713604
0.2324810606060606,0.8389021479713604
0.2324810606060606,0.8400954653937948
0.2334280303030303,0.8400954653937948
0.234375,0.8400954653937948
0.234375,0.8412887828162291
0.2353219696969697,0.8412887828162291
0.23674242424242425,0.8412887828162291
0.23768939393939395,0.8412887828162291
0.23863636363636365,0.8412887828162291
0.23863636363636365,0.8436754176610979
0.24100378787878787,0.8436754176610979
0.24100378787878787,0.8448687350835322
0.24195075757575757,0.8448687350835322
0.24195075757575757,0.8484486873508353
0.24289772727272727,0.8484486873508353
0.24337121212121213,0.8484486873508353
0.24337121212121213,0.8496420047732697
0.24337121212121213,0.8520286396181385
0.24337121212121213,0.8532219570405728
0.24526515151515152,0.8532219570405728
0.24526515151515152,0.8544152744630071
0.24526515151515152,0.8568019093078759
0.24668560606060605,0.8568019093078759
0.24763257575757575,0.8568019093078759
0.24763257575757575,0.8579952267303103
0.24857954545454544,0.8579952267303103
0.24857954545454544,0.8591885441527446
0.2547348484848485,0.8591885441527446
0.2547348484848485,0.860381861575179
0.2556818181818182,0.860381861575179
0.25615530303030304,0.860381861575179
0.25757575757575757,0.860381861575179
0.2604166666666667,0.860381861575179
0.2604166666666667,0.8615751789976134
0.2608901515151515,0.8615751789976134
0.2608901515151515,0.8627684964200477
0.26136363636363635,0.8627684964200477
0.26136363636363635,0.863961813842482
0.2623106060606061,0.863961813842482
0.26325757575757575,0.863961813842482
0.26325757575757575,0.8675417661097852
0.26420454545454547,0.8675417661097852
0.26420454545454547,0.8687350835322196
0.265625,0.8687350835322196
0.265625,0.869928400954654
0.2665719696969697,0.869928400954654
0.26704545454545453,0.869928400954654
0.2684659090909091,0.869928400954654
0.2684659090909091,0.8711217183770883
0.2689393939393939,0.8711217183770883
0.2689393939393939,0.8723150357995226
0.2703598484848485,0.8723150357995226
0.2703598484848485,0.8735083532219571
0.2708333333333333,0.8735083532219571
0.2708333333333333,0.8747016706443914
0.27178030303030304,0.8747016706443914
0.27178030303030304,0.8758949880668258
0.2727272727272727,0.8758949880668258
0.2755681818181818,0.8758949880668258
0.2765151515151515,0.8758949880668258
0.27698863636363635,0.8758949880668258
0.27698863636363635,0.8770883054892601
0.2779356060606061,0.8770883054892601
0.2779356060606061,0.8782816229116945
0.2784090909090909,0.8782816229116945
0.2784090909090909,0.8854415274463007
0.27888257575757575,0.8854415274463007
0.27888257575757575,0.8866348448687351
0.28125,0.8866348448687351
0.28125,0.8878281622911695
0.2821969696969697,0.8878281622911695
0.2821969696969697,0.8890214797136038
0.28551136363636365,0.8890214797136038
0.28551136363636365,0.8902147971360382
0.2859848484848485,0.8902147971360382
0.2869318181818182,0.8902147971360382
0.28882575757575757,0.8902147971360382
0.2897727272727273,0.8902147971360382
0.2902462121212121,0.8902147971360382
0.2911931818181818,0.8902147971360382
0.29261363636363635,0.8902147971360382
0.29261363636363635,0.8937947494033412
0.29261363636363635,0.9009546539379475
0.2930871212121212,0.9009546539379475
0.2930871212121212,0.9021479713603818
0.29640151515151514,0.9021479713603818
0.29734848484848486,0.9021479713603818
0.2997159090909091,0.9021479713603818
0.3020833333333333,0.9021479713603818
0.3039772727272727,0.9021479713603818
0.30492424242424243,0.9021479713603818
0.30634469696969696,0.9021479713603818
0.3091856060606061,0.9021479713603818
0.3096590909090909,0.9021479713603818
0.3106060606060606,0.9021479713603818
0.31202651515151514,0.9021479713603818
0.31486742424242425,0.9021479713603818
0.31486742424242425,0.9033412887828163
0.31865530303030304,0.9033412887828163
0.31865530303030304,0.905727923627685
0.32007575757575757,0.905727923627685
0.3214962121212121,0.905727923627685
0.3224431818181818,0.905727923627685
0.3243371212121212,0.905727923627685
0.3243371212121212,0.9105011933174224
0.3248106060606061,0.9105011933174224
0.32575757575757575,0.9105011933174224
0.3262310606060606,0.9105011933174224
0.3262310606060606,0.9128878281622912
0.32765151515151514,0.9128878281622912
0.32765151515151514,0.9140811455847255
0.3300189393939394,0.9140811455847255
0.3300189393939394,0.9164677804295943
0.3319128787878788,0.9164677804295943
0.3333333333333333,0.9164677804295943
0.3333333333333333,0.918854415274463
0.3352272727272727,0.918854415274463
0.3380681818181818,0.918854415274463
0.3465909090909091,0.918854415274463
0.3546401515151515,0.918854415274463
0.3555871212121212,0.918854415274463
0.3565340909090909,0.918854415274463
0.3574810606060606,0.918854415274463
0.35795454545454547,0.918854415274463
0.35795454545454547,0.9224343675417661
0.35984848484848486,0.9224343675417661
0.35984848484848486,0.9236276849642004
0.3612689393939394,0.9236276849642004
0.3612689393939394,0.9248210023866349
0.3641098484848485,0.9248210023866349
0.36553030303030304,0.9248210023866349
0.3660037878787879,0.9248210023866349
0.3660037878787879,0.9260143198090692
0.36695075757575757,0.9260143198090692
0.3697916666666667,0.9260143198090692
0.37073863636363635,0.9260143198090692
0.37357954545454547,0.9260143198090692
0.3806818181818182,0.9260143198090692
0.3806818181818182,0.9284009546539379
0.38304924242424243,0.9284009546539379
0.3839962121212121,0.9284009546539379
0.38446969696969696,0.9284009546539379
0.3858901515151515,0.9284009546539379
0.38636363636363635,0.9284009546539379
0.3873106060606061,0.9284009546539379
0.3877840909090909,0.9284009546539379
0.3887310606060606,0.9284009546539379
0.3925189393939394,0.9284009546539379
0.3925189393939394,0.9295942720763724
0.39678030303030304,0.9295942720763724
0.39678030303030304,0.9307875894988067
0.3977272727272727,0.9307875894988067
0.4010416666666667,0.9307875894988067
0.4024621212121212,0.9307875894988067
0.4034090909090909,0.9307875894988067
0.4043560606060606,0.9307875894988067
0.4053030303030303,0.9307875894988067
0.4053030303030303,0.9331742243436754
0.40577651515151514,0.9331742243436754
0.40577651515151514,0.9343675417661098
0.4090909090909091,0.9343675417661098
0.4100378787878788,0.9343675417661098
0.4114583333333333,0.9343675417661098
0.41240530303030304,0.9343675417661098
0.4133522727272727,0.9343675417661098
0.41429924242424243,0.9343675417661098
0.4185606060606061,0.9343675417661098
0.4185606060606061,0.9367541766109785
0.4199810606060606,0.9367541766109785
0.42045454545454547,0.9367541766109785
0.42140151515151514,0.9367541766109785
0.42329545454545453,0.9367541766109785
0.42424242424242425,0.9367541766109785
0.4251893939393939,0.9367541766109785
0.42613636363636365,0.9367541766109785
0.4270833333333333,0.9367541766109785
0.4270833333333333,0.9391408114558473
0.42803030303030304,0.9391408114558473
0.4285037878787879,0.9391408114558473
0.4285037878787879,0.9403341288782816
0.4303977272727273,0.9403341288782816
0.43134469696969696,0.9403341288782816
0.4322916666666667,0.9403341288782816
0.43323863636363635,0.9403341288782816
0.4346590909090909,0.9403341288782816
0.4346590909090909,0.9415274463007159
0.4375,0.9415274463007159
0.4375,0.9427207637231504
0.4403409090909091,0.9427207637231504
0.4412878787878788,0.9427207637231504
0.4431818181818182,0.9427207637231504
0.4441287878787879,0.9427207637231504
0.44507575757575757,0.9427207637231504
0.4460227272727273,0.9427207637231504
0.4460227272727273,0.9439140811455847
0.44696969696969696,0.9439140811455847
0.4493371212121212,0.9439140811455847
0.45075757575757575,0.9439140811455847
0.45170454545454547,0.9439140811455847
0.45265151515151514,0.9439140811455847
0.45265151515151514,0.9463007159904535
0.453125,0.9463007159904535
0.4540719696969697,0.9463007159904535
0.4550189393939394,0.9463007159904535
0.4559659090909091,0.9463007159904535
0.4559659090909091,0.9474940334128878
0.4569128787878788,0.9474940334128878
0.4583333333333333,0.9474940334128878
0.45928030303030304,0.9474940334128878
0.46117424242424243,0.9474940334128878
0.4635416666666667,0.9474940334128878
0.46448863636363635,0.9474940334128878
0.4649621212121212,0.9474940334128878
0.4659090909090909,0.9474940334128878
0.4668560606060606,0.9474940334128878
0.46875,0.9474940334128878
0.47017045454545453,0.9474940334128878
0.47017045454545453,0.9486873508353222
0.47111742424242425,0.9486873508353222
0.4739583333333333,0.9486873508353222
0.47490530303030304,0.9486873508353222
0.47632575757575757,0.9486873508353222
0.4786931818181818,0.9486873508353222
0.4796401515151515,0.9486873508353222
0.48011363636363635,0.9486873508353222
0.4815340909090909,0.9486873508353222
0.48200757575757575,0.9486873508353222
0.48295454545454547,0.9486873508353222
0.48390151515151514,0.9486873508353222
0.48579545454545453,0.9486873508353222
0.48863636363636365,0.9486873508353222
0.4891098484848485,0.9486873508353222
0.4891098484848485,0.9498806682577565
0.4900568181818182,0.9498806682577565
0.49053030303030304,0.9498806682577565
0.49053030303030304,0.951073985680191
0.49053030303030304,0.9630071599045346
0.4910037878787879,0.9630071599045346
0.4910037878787879,0.9653937947494033
0.4914772727272727,0.9653937947494033
0.4928977272727273,0.9653937947494033
0.49384469696969696,0.9653937947494033
0.4947916666666667,0.9653937947494033
0.4962121212121212,0.9653937947494033
0.4966856060606061,0.9653937947494033
0.49857954545454547,0.9653937947494033
0.5004734848484849,0.9653937947494033
0.5014204545454546,0.9653937947494033
0.5018939393939394,0.9653937947494033
0.5037878787878788,0.9653937947494033
0.5089962121212122,0.9653937947494033
0.5089962121212122,0.9677804295942721
0.5089962121212122,0.9689737470167065
0.5118371212121212,0.9689737470167065
0.5118371212121212,0.9701670644391408
0.5146780303030303,0.9701670644391408
0.515625,0.9701670644391408
0.5203598484848485,0.9701670644391408
0.5203598484848485,0.9713603818615751
0.5232007575757576,0.9713603818615751
0.5241477272727273,0.9713603818615751
0.5255681818181818,0.9713603818615751
0.5269886363636364,0.9713603818615751
0.5274621212121212,0.9713603818615751
0.5293560606060606,0.9713603818615751
0.5321969696969697,0.9713603818615751
0.5336174242424242,0.9713603818615751
0.5345643939393939,0.9713603818615751
0.5355113636363636,0.9713603818615751
0.537405303030303,0.9713603818615751
0.5388257575757576,0.9713603818615751
0.5397727272727273,0.9713603818615751
0.5449810606060606,0.9713603818615751
0.5459280303030303,0.9713603818615751
0.5459280303030303,0.9725536992840096
0.5464015151515151,0.9725536992840096
0.5473484848484849,0.9725536992840096
0.5478219696969697,0.9725536992840096
0.5535037878787878,0.9725536992840096
0.5549242424242424,0.9725536992840096
0.5558712121212122,0.9725536992840096
0.556344696969697,0.9725536992840096
0.5572916666666666,0.9725536992840096
0.5620265151515151,0.9725536992840096
0.5648674242424242,0.9725536992840096
0.5667613636363636,0.9725536992840096
0.5677083333333334,0.9725536992840096
0.5700757575757576,0.9725536992840096
0.5710227272727273,0.9725536992840096
0.5724431818181818,0.9725536992840096
0.5733901515151515,0.9725536992840096
0.5743371212121212,0.9725536992840096
0.5752840909090909,0.9725536992840096
0.5752840909090909,0.9737470167064439
0.5757575757575758,0.9737470167064439
0.5767045454545454,0.9737470167064439
0.5771780303030303,0.9737470167064439
0.578125,0.9737470167064439
0.5795454545454546,0.9737470167064439
0.5809659090909091,0.9737470167064439
0.5814393939393939,0.9737470167064439
0.5823863636363636,0.9737470167064439
0.5828598484848485,0.9737470167064439
0.5838068181818182,0.9737470167064439
0.5852272727272727,0.9737470167064439
0.5861742424242424,0.9737470167064439
0.5866477272727273,0.9737470167064439
0.5885416666666666,0.9737470167064439
0.5904356060606061,0.9737470167064439
0.5904356060606061,0.9749403341288783
0.5932765151515151,0.9749403341288783
0.5932765151515151,0.9761336515513126
0.5975378787878788,0.9761336515513126
0.5975378787878788,0.977326968973747
0.5989583333333334,0.977326968973747
0.5989583333333334,0.9785202863961814
0.599905303030303,0.9785202863961814
0.599905303030303,0.9809069212410502
0.6017992424242424,0.9809069212410502
0.6027462121212122,0.9809069212410502
0.6041666666666666,0.9809069212410502
0.6046401515151515,0.9809069212410502
0.6046401515151515,0.9821002386634845
0.6060606060606061,0.9821002386634845
0.6060606060606061,0.9832935560859188
0.6089015151515151,0.9832935560859188
0.6103219696969697,0.9832935560859188
0.6145833333333334,0.9832935560859188
0.6145833333333334,0.9844868735083532
0.615530303030303,0.9844868735083532
0.6160037878787878,0.9844868735083532
0.6160037878787878,0.9856801909307876
0.6216856060606061,0.9856801909307876
0.6226325757575758,0.9856801909307876
0.6235795454545454,0.9856801909307876
0.6264204545454546,0.9856801909307876
0.6273674242424242,0.9856801909307876
0.6287878787878788,0.9856801909307876
0.6287878787878788,0.986873508353222
0.6325757575757576,0.986873508353222
0.6330492424242424,0.986873508353222
0.6349431818181818,0.986873508353222
0.6363636363636364,0.986873508353222
0.6373106060606061,0.986873508353222
0.6387310606060606,0.986873508353222
0.6396780303030303,0.986873508353222
0.6444128787878788,0.986873508353222
0.6444128787878788,0.9880668257756563
0.6448863636363636,0.9880668257756563
0.6472537878787878,0.9880668257756563
0.6505681818181818,0.9880668257756563
0.6600378787878788,0.9880668257756563
0.6638257575757576,0.9880668257756563
0.6661931818181818,0.9880668257756563
0.6671401515151515,0.9880668257756563
0.6685606060606061,0.9880668257756563
0.6699810606060606,0.9880668257756563
0.671875,0.9880668257756563
0.6732954545454546,0.9880668257756563
0.6751893939393939,0.9880668257756563
0.6761363636363636,0.9880668257756563
0.6837121212121212,0.9880668257756563
0.6856060606060606,0.9880668257756563
0.6865530303030303,0.9880668257756563
0.6875,0.9880668257756563
0.6884469696969697,0.9880668257756563
0.6893939393939394,0.9880668257756563
0.6908143939393939,0.9880668257756563
0.6912878787878788,0.9880668257756563
0.6931818181818182,0.9880668257756563
0.6955492424242424,0.9880668257756563
0.6974431818181818,0.9880668257756563
0.6993371212121212,0.9880668257756563
0.7017045454545454,0.9880668257756563
0.7045454545454546,0.9880668257756563
0.7045454545454546,0.9892601431980907
0.7059659090909091,0.9892601431980907
0.7069128787878788,0.9892601431980907
0.7078598484848485,0.9892601431980907
0.7088068181818182,0.9892601431980907
0.7135416666666666,0.9892601431980907
0.7154356060606061,0.9892601431980907
0.71875,0.9892601431980907
0.71875,0.9904534606205251
0.7211174242424242,0.9904534606205251
0.7220643939393939,0.9904534606205251
0.7239583333333334,0.9904534606205251
0.724905303030303,0.9904534606205251
0.7253787878787878,0.9904534606205251
0.7263257575757576,0.9904534606205251
0.7272727272727273,0.9904534606205251
0.728219696969697,0.9904534606205251
0.7305871212121212,0.9904534606205251
0.7315340909090909,0.9904534606205251
0.7324810606060606,0.9904534606205251
0.7334280303030303,0.9904534606205251
0.734375,0.9904534606205251
0.7353219696969697,0.9904534606205251
0.7376893939393939,0.9904534606205251
0.7376893939393939,0.9916467780429594
0.7381628787878788,0.9916467780429594
0.7395833333333334,0.9916467780429594
0.740530303030303,0.9916467780429594
0.740530303030303,0.9928400954653938
0.7433712121212122,0.9928400954653938
0.7433712121212122,0.9940334128878282
0.7447916666666666,0.9940334128878282
0.7457386363636364,0.9940334128878282
0.7466856060606061,0.9940334128878282
0.7504734848484849,0.9940334128878282
0.7547348484848485,0.9940334128878282
0.7556818181818182,0.9940334128878282
0.7571022727272727,0.9940334128878282
0.7575757575757576,0.9940334128878282
0.7585227272727273,0.9940334128878282
0.7589962121212122,0.9940334128878282
0.7589962121212122,0.9976133651551312
0.7613636363636364,0.9976133651551312
0.7623106060606061,0.9976133651551312
0.7632575757575758,0.9976133651551312
0.7632575757575758,0.9988066825775657
0.7642045454545454,0.9988066825775657
0.765625,0.9988066825775657
0.7670454545454546,0.9988066825775657
0.7679924242424242,0.9988066825775657
0.7694128787878788,0.9988066825775657
0.7703598484848485,0.9988066825775657
0.771780303030303,0.9988066825775657
0.7741477272727273,0.9988066825775657
0.7760416666666666,0.9988066825775657
0.7807765151515151,0.9988066825775657
0.7831439393939394,0.9988066825775657
0.7959280303030303,0.9988066825775657
0.796875,0.9988066825775657
0.7978219696969697,0.9988066825775657
0.7997159090909091,0.9988066825775657
0.8011363636363636,0.9988066825775657
0.8016098484848485,0.9988066825775657
0.8053977272727273,0.9988066825775657
0.8068181818181818,0.9988066825775657
0.8077651515151515,0.9988066825775657
0.8082386363636364,0.9988066825775657
0.8096590909090909,0.9988066825775657
0.8106060606060606,0.9988066825775657
0.8125,0.9988066825775657
0.8134469696969697,0.9988066825775657
0.8153409090909091,0.9988066825775657
0.8177083333333334,0.9988066825775657
0.818655303030303,0.9988066825775657
0.818655303030303,1.0
0.8214962121212122,1.0
0.8224431818181818,1.0
0.8229166666666666,1.0
0.8257575757575758,1.0
0.8262310606060606,1.0
0.8271780303030303,1.0
0.828125,1.0
0.8290719696969697,1.0
0.8295454545454546,1.0
0.8304924242424242,1.0
0.8309659090909091,1.0
0.8323863636363636,1.0
0.8328598484848485,1.0
0.8338068181818182,1.0
0.8357007575757576,1.0
0.8366477272727273,1.0
0.8380681818181818,1.0
0.8390151515151515,1.0
0.8409090909090909,1.0
0.8418560606060606,1.0
0.84375,1.0
0.8446969696969697,1.0
0.8522727272727273,1.0
0.853219696969697,1.0
0.8607954545454546,1.0
0.8617424242424242,1.0
0.8631628787878788,1.0
0.8641098484848485,1.0
0.865530303030303,1.0
0.8678977272727273,1.0
0.868844696969697,1.0
0.8697916666666666,1.0
0.8702651515151515,1.0
0.8754734848484849,1.0
0.8759469696969697,1.0
0.8773674242424242,1.0
0.8783143939393939,1.0
0.8797348484848485,1.0
0.8802083333333334,1.0
0.8821022727272727,1.0
0.884469696969697,1.0
0.8858901515151515,1.0
0.8910984848484849,1.0
0.8920454545454546,1.0
0.8977272727272727,1.0
0.9005681818181818,1.0
0.9029356060606061,1.0
0.9114583333333334,1.0
0.912405303030303,1.0
0.9204545454545454,1.0
0.9232954545454546,1.0
0.9285037878787878,1.0
0.9294507575757576,1.0
0.9384469696969697,1.0
0.9398674242424242,1.0
0.9403409090909091,1.0
0.9412878787878788,1.0
0.9507575757575758,1.0
0.9526515151515151,1.0
0.9554924242424242,1.0
0.9564393939393939,1.0
0.9720643939393939,1.0
0.9730113636363636,1.0
0.9744318181818182,1.0
0.9753787878787878,1.0
0.9786931818181818,1.0
0.9895833333333334,1.0
0.9910037878787878,1.0
0.9919507575757576,1.0
0.9933712121212122,1.0
0.9947916666666666,1.0
0.9976325757575758,1.0
0.9985795454545454,1.0
0.9995265151515151,1.0
1.0,1.0
